가성비좋아요 가끔 생각날 맛,
매운데 자꾸 당겨서 가끔 사놔요,
그저그래요  좀 많이 데워야했을까요 ,
정말 냄새나고   다시 안사먹을거 같아요  ,
늘 구매하는 제품입니다,
양이 진짜 작아요  ㅋㅋ 가격이 착하니깐  여기에 순대랑 떡볶이떡 추가해서 요리해 먹으니 괜찮네요 ,
그냥 보통입니다 세일할때 드세요,
맛있어요 좋아요 재구매할거예요,
맛있게 먹고 있습니다,
노브랜드 개 양아치네 왜 가격을 일제히 올리냐  이거만 올렸으면 그런가부다했는데 텐더랑 가라아게  다 같이 왜오르냐  이건 쌩양아치들이나 하는짓이다,
항상 구매하는 제품입니다,
양도 많고 맛있어요   ,
늘 사는 제품인데 가격이 좀 올랐네요,
너무좋네요 힛힛힛핫힛,
너무 맛나요 감사해요,
가격 조금 올랐네요 그래두 맛있어서 자주 사먹어요 야채랑 당면 넣으면 완전 맛있어요 ,
간도 별로고   상태도,
순대 곱창 냄새 안나고 맛있어요 야채 추가해서 후라이팬에 볶으면 맛나요 장볼때마다 구매합니다,
냄새 하나도 안나고 맛있네요,
자주구매하는 제품입니다,
잘 받았어요 맛없어요 ,
너무맛있어요 가족모두 좋아해요,
오랜만에 깻잎 부추 양파 넣고 순대볶음 해먹었어요  역시 매콤하고 맛있네요 ,
이거 진짜 굿  진짜 곱창 땡길때  넘 맛나요 ㅋㅋ,
매콩해요 간편하게 전자렌지에 데우니 편리해요,
양념이 생각보다 매콤한데 그래서 전 더 맛있게 먹었어요 ,
간편한 술 안주로 좋아요,
순대 곱창 매운데 양념이 맛있어요,
혼자 먹기에 양도 많고 딱 좋아요 ,
잘먹었습니다 맛있어요,
맛있어요 애용하는 제품 ,
매콤하게 양념맛이 진해요  밥볶아서 먹기도 괜찮을듯,
생각만큼  있지는 않았어요,
감사합니다  잘 쓸게요 ,
항상 잘 먹고 있어요  ,
싸고 맛있어서 좋아요,
순대곱창볶음 생각날 때 간편하게 먹을 수 있어요,
맛있게 잘 먹었습니다,
야식으로 먹기 좋아요 냄새도 안나고 적당히 매콤해요 양파랑 양배추넣어서 추가적으로 볶아먹으면 맛있어요,
항상 구입하고 있어요,
저는 별루였습니다 ,
 인분으로 딱이네요,
정확한 배송에 감사합니다,
잘받았어요 나중에 재구매할 의사있어요,
다른 야채들 추가해서 먹었는데 술안주로 좋았어요,
간단하게 먹기 좋아요,
다시 재주문 들어가요,
늘사던것이라 만족합니다 ,
술안주로 딱 좋아요,
자주구매해요  잘받았어요,
자주 구매하는 제품이에요 ,
자주 구매하는 제품이에요  맛있어요 ,
전자레인지 데워먹으면 되고 간편해 좋아요,
이거 괜찮은데 안달하여 ,
항상 구매하는 제품입니다,
제입맛엔 별로요   ㅜ 냄새도조금이상하듯하구요  ,
매워요   맵다고 했지만   정말매워요 ㅠ,
두번째구매인데   가성비 괜찮아요 야채 좀 추가해서 먹음 더 좋아요 ,
맛이 애매해요  재구매는안할것 같아요 ,
엄청매우니 조심   맛은좋아요 ,
밤에 혼술할때 좋아요,
 노브랜드  순대곱창볶음    g,
진짜 맛있오요 ㅠㅠㅠ양도 혜자  깻잎 멓으면 굿,
순대볶음이 맛있으면 좋겠어요,
재구매합니다 맛나요,
양은 적지만 맛은 괜찮아요,
매콤한게 별미입니다  재구매 많이하는 상품 중 하나예요,
빠른배송에 감사합니다 ,
잘 먹었어요오오오옹,
매콤하고 저녁에 맥주에 가볍게 먹는 술안주용,
맛없어요    비추비추,
늘 애용하는 제품   넘 좋아요,
상품에 만족합니다 ,
저렴하게 잘 샀어여  ,
제입맛에는 안맞아서 양념 더첨가해서,
좋아 좋아요 이이지지디 좋아 요,
매콤하니 너무 맛있었습니다,
늘 사는 제품입니다 ,
아직안먹어봐서ㅜ 노브랜드거라기대중이에요,
가격도 좋고 맛있습니다 ,
가볍게 먹기에는 좋을 듯 하지만 재구매는 안할 거 같아요,
맵고짜요 참고하세요,
간편한데 양이 생각보다 적어요,
좋아요 좋아요 좋아요,
그냥 먹기 괜찮았어요 ,
순대는 쫄깃맛나구요  노브랜드는 곱창라인이 많이 별로에요   소스매콤하고 진하고 간편하니 좋습니다 ,
자주시켜서 먹어요 별미네요,
정말 만족도 높은 순대곱창볶음이었습니다 앞으로 계속 시킬 듯 하네요 그런데 가격이  천원이 안 되었던 거 같은데 오늘 다시 시키려고 보니     원이 넘네요  가격 조정이 있었던 거 같습니다 그래도 맛있으니까 괜찮아요,
ㄱ곱창이 너무 질겼어요,
이건 기대와 좀 달랐던,
매번 구입하는 상품입니다 ,
코로나 시기에 배송기사님들 감사합니다,
맛있어용 혼자먹으면 넉넉한 양이에요 혼술안주로 딱,
가격대비 가성비갑  술안주로 좋아요,
얼큰하니 맛있어요  ,
역시나 전자렌지 간편 조리 제품의 한계인듯 합니다  순대는 먹을만 했으나 곱창은 별로네요  야채곱창은 사먹는 걸로    재구매의사 없습니다 ,
노브랜드 상품 중 저의 최애템입니다  저는 야채를 추가로 넣고 함께 볶아서 먹는데  제 입맛에는 상당히 맵지만 맛있어서 계속 구매하게 되네요 밤늦게 좀 출출할때 맥주 한잔이랑 먹으면 너무 만족스러운 야식메뉴가 됩니다  냉장고 안에 없으면 서운한 아이템이에요  양이 좀 적은게 살짝 아쉬워요 ,
항상구매하는 좋은제품입니다,
매번 떨어지지않게 사요,
집에서 해먹을 수 있어 좋네요,
자주 구매하는 제품이에요 좋아요 ,
아주 시간정확하고 빠르게 배송해주셔서 감사합니다 ,
순대가 푸짐하게 들어있네요 ,
급땡길때 먹기좋아요,
맛있어요 역시 노브랜드,
맛있어요  자주 구매합니다,
무거운거 시장보기 힘든데 문앞까지 배송해주셔서 자주 사용하고 있어요  오늘도 잘 도착했어요,
안주로 반찬없을때 금방 먹을 수있어좋아요,
간편하고 실속있어요,
조금 양이 부족했지만 맛은 있었어요,
간식으로 짱  자주 사먹어요,
매콤하고 맛있어요,
조금 맵지만  양도 가격대비 괜찮음 ,
그냥 그냥 그렇네요,
약간 맵긴한데 괜찮은거 같네요  ,
후기대로 짜고 맵지만 양배추 노브랜드 순대 한봉 추가하니 좋아요,
집에서 간단히 맛있게 먹었어요 ,
맛있어요  순대곱창  야채 추가해서 먹으면 최고예요,
양은 적지만 정말 맛있어요,
애들이 맛있게 해서 먹었어요,
안주로 입맛 없을때 좋아요,
간단하게 술안주로 참 괜찮네요 ,
다음에도 구매할게요,
아이가 좋아해서 여러 번 구매했는데   맛있데요 ,
그럭저럭 별미로 먹었어요  다음에 한번 더 구매할지도 ,
갠츈하네여 간편하게 먹기,
곱창이 조금 질기긴 한데 싸고 맛있어요 매콤한 편이에요,
늦은밤 술한잔하기 딱입니다  맛있어요 ,
노브랜드는 거의 실패가 없어요,
자주이용하는 상품입니다 맛있어요,
나쁘지 않아요  생각보다 칼칼합니다 ,
엄청 매워요 맵찔이는 구매하지 마세요,
매일사먹어요  좋아요,
맛 약간 맵지만 맛있는 매운맛,
잘받았습니다  감사합니다 ,
적극추천합니다 배송도 빠르고 가격도 저렴하고 품질도 좋아요 적극추천합니다 배송도 빠르고 가격도 저렴하고 품질도 좋아요 매우 좋아요 적극추천합니다 배송도 빠르고 가격도 저렴하고 품질도 좋아요 아주 좋아요 적극추천합니다 배송도 빠르고 가격도 저렴하고 품질도 좋아요 꼭 사용하세요 적극추천합니다 배송도 빠르고 가격도 저렴하고 품질도 좋아요 적극추천합니다,
잘 이용하고있어요 좋아요,
맛리뷰가 그나마 좋은 야식이더라구요,
맛은 있어요 근데 무척 맵네요,
잘받았습니다 좋아요,
술안주로 한번먹기 딱 적당한양이에요,
배송도 빠르고 제품도 매장보다 저렴하게 잘 구매했어요 늘 이용하는 제품이예요 만족합니다,
제 입엔 별로네요  순대도 퍽퍽하고 곱창도 그닥 ㅜㅠ,
맛있어서 항상 구매해요  조금 맵지만 안주용으로 딱,
매콤한게 맛있네요 ,
엄마가 맛있다시네요,
저렴하고 맛있어요 ,
간단하게 야식으로 즐기기 좋아요,
곱창이라 조금 질겼지만 맛은 괜찮았어여,
맛있어요항상구매해요,
너무 쪼끔들어있어요  ,
맛있어용 맛있어요용요요,
항상 구매하는 상품입니다 ㅎㅎ 좋아요 ,
맛이 좋아여 최고 ,
맛있어요  재구매 예정입니다 ,
매운데 존맛이예요 한번 잡솨봐 깻잎필수,
밥이랑 매주랑 소주랑 잘 먹어요,
제 입맛으로는 그럭저럭 이에요,
저는 야채랑 양념 더 매콤하게 해서 먹었는데 그냥 먹기도 나쁘지는 않은거 같아요 기본적으로 양념이 매콤하고 괜찮더라구요,
맛좋고 가격도 좋고  순대곱창에 양배추  편마늘 넣어서 같이 조리해서 먹었어요,
순대곱창 먹고 싶을 때 좋아요,
순대가 맛있길래 구입해봤어요,
먹을만 했어요    ,
자주 품절이 되네요  좋아하는 맛입니다 ,
아들이 먹고 싶대서 샀는데 해먹기 편하겠어요,
양이 좀 적다는 평이 있는데 저는 좋아요,
싸고 맛있어요 좋아요,
소스는 맵고 짠데다 내용물도 적어요  그래도 여러 채소와 섞어 볶으면 집에서 먹는 술안주로는 괜찮아요,
양도 많고 맛있어요,
괜찮아요  구매 잘 했네요  재구매 의사 있어요 ,
배송도 깔끔하고 제품하자 없고 좋아요  ,
여기에 파 양파 넣어서 볶아먹음 맛있음,
맥주안주로 좋아요 ㅋㅋ,
맛있어요 ㅎㅎ잘 먹었어요,
배송 빠르고 편리하네요,
맛있게 잘 먹었어요 ,
양도 좀 적고 양념이 맵고 짜지만  양배추  당면  들깨가루 넣고 볶아 먹으면 안주용으로 좋아요,
매우신거좋아하시는분들은 좋아할맛 맵찔이는 그닥 ㅎㅎ,
양이 진짜 조금이어요 ,
혼술하기 딱이예요 ,
한번씩 먹거 싶어 구매합니다,
잘쓸게요 감사해요 ,
겉포장만 빼고 전자렌지에  분  초면 그대로 넣으면 끝  포장신기하고 맛도 매콤하니 굿  최고의 맥주안주 ,
궁금해서 사봤는데 생각보다 맵더라구요 양은 푸짐해써요,
맛있어요 근데매움 ㅎㅎ,
존맛탱입니다 강추해요,
엄청 맛좋네요  유통기한이 좀 짧지만 순대와 곱창 양념에 밥까지 비벼먹으면 햇반  개 뚝딱입니다 ,
순대곱창볶음 매콩하고 맛있습니다,
즐겨먹는 메뉴입니다 ,
짜 어어오아이라러어어넝,
남편이 먹고싶어해서 구매했어요  짜파게티에 넣어서 퓨전음식으로 해먹은것 같은데 맛은 따로먹는게 더 좋을것같아요 ㅎㅎ,
이건 아주 강추입니다 ,
너무 양념이 세서 저한테는 짰어요ㅜ,
맛있습니다  계속 먹고 있어요,
빠른배송 이마트 편해요,
조금 매콤한 편이에 ㅎ,
가격 착하고 맛도 있었어요   ,
양은 적은데 괜찮아요 ,
오 의외로 좋아요 곱창 질기지만 양배추 깻잎 더 넣어 찹찹,
맛있는데 쫌 매워요 ,
좀 맵지만 맛있어요,
늘 애용하는 제품입니다 감사합니다,
다신 안사먹을 맛이더군요ㅠ,
저렴하게 잘 샀어요,
다시 재구매 안해요 별루에요,
양이 너무 작고 곱창은 몇개 없네요,
저렴하게 구매했어요,
매워서 못먹겠어요 ,
양이 적은듯한 기분,
그냥 가격만큼인 제품입니다 생각보다 많이 매워요  순대는 괜찮은데 곱창이 많이 질기네요,
맛있고 전자레인지 조리가 가능해서 편해요,
너무 맛있어요 한번살때 여러개 사놓습니다,
좋아요 좋아요 좋아요,
냄새 안나고 양념이랑은 맛있어요 곱창은 질겨서 못먹었어요,
먹을만합니다 야식으로좋으네요 편하고,
가성비 괜찮은데 저한텐 맛이 좀 자극적이네요,
양 많고 신선해서 좋아요 ㅎㄹ,
넌구든돈 넌걷 그나,
자주 주문하는 상품입니다 ,
맛있어요  간편하고 다만 좀 질겨요 ,
맛있는데 곱창이 좀 질겨요 ㅠ,
만족합니다  항상 애용합니다 ,
그냥 그랬어요 재구매는 안하려고요 ,
배송 빠르고 좋아요,
야채랑 당면 적당히 넣어서 먹으면 넘 맛있어요   ,
맨날 사먹는 것 추천합니다,
언제나 주문하는 상품입니다  좋아요 ,
고객님의 리뷰가 다른 고객들에게 도움이 될 수 있어요 ,
맛있어요 자주이용합니다,
생각보다 맛있어요  곱창이 엄청 질기긴 한대    채소도 있고 순대도 맛있어요  다만 용기째 전자레인지에 돌려서 환경호르몬이 나오진 않을까 걱정이 됐어요  안전한거 맞겠죠  ,
저렴하게 잘 구매했어요 ,
정말 강추에요  양이 많지 않아서 야채를 듬뿍 넣으면 가족 한 끼 식사로 충분해요 그런데 제 입에는 매워요  그래서 야채를 많이 넣어 먹습니다 정말 맛있어요  ,
밥맛 없을때 먹으면 입맛이 돌아와요,
가격이 좀 비싸지만 맛은 괜찮았습니다 ,
매콤하지만 맛있ㄱㅔ 잘 먹었어요,
혼술할때 이 보다 좋은 안주가 있을까 싶네요 ㅎㅎ,
매번 사서 먹어요  타사보다 좋음,
냄새도 안나고 맛있어요,
생각보다 맛있어요 ,
약간 비린내가 나지만 야채 더 넣어 잘 먹었어요,
저렴하게 구입했어요,
저렴하게 구입 어요,
간편하게 안주해결  ,
좋아요 맘에둘어요 굿,
취향이겠지만 전 별로였어요ㅠ 질기고 냄새도 좀 나고 재구매의사는 별로 없습니다ㅜ,
간단히 순대곱창 땡길때 딱이에요,
노부랜드 곱창 맛있습니다 ,
곱창너무질기다 ㅜㅜ,
맛있어서 자주 구매해요,
그저그랬던 거 같아요 ,
역시 최고네요 배송도 빠르고 잘 애용 하게 되네요,
유명해서 구매했는데 맛나요,
한끼 먹기 딱 좋아요 채소랑 같이 쌈싸먹어도 맛있고 양념에 소면 넣어서 먹으니 좋네요,
맛있어요 매번사요   ,
매콤하니 맛있네요 ,
간편하게 렌지에 돌려먹기 좋습니다 ,
간편하고 가끔 먹기 좋아요,
잘 받았어요     좋아요    ,
곱창은 거의 뭐 안보여요,
안주용으로 구매ㅋㅋ가끔 혼술용,
구성은 무난한데 전자렌지보다 확실히 끓이는게 나을듯,
좋아요 잘삿어요   ,
재고있을때사두면좋아요,
간식으로 아주 좋아요 ,
양념이 많은 편이에요,
생각보다 매워요  ,
저렴하게 곱창 맛볼 수 있음,
한번씩 먹기좋은 곱창,
순대는맛있는데 곱창은별로에요,
맛은 괜춘  양 좀 적어요,
한팩 꺼내 데워먹으니 딱 좋아요 매콤하고 간편해서 좋네요,
너무맵습니다  아이먹기힘듦,
가성비 최고입니다  맛은 당연히 좋습니다 ,
빠른배송 감사합니다,
간단하게 해먹기 너무 좋아요,
정말 맛있어요 늘 주문하는 거예요,
순대곱창 볶아서 야채넣고 맛나게 먹었어요 ,
마음에드는 상품입니다,
 No Brand   노브랜드  순대곱창볶음    g 속 아프게 맵네요,
적당히 맵고 맛있어요,
간편하게 먹기 나쁘지 않았어요,
야식으로 먹엇는데 맛잇어용  ,
순대곱창 좋아요 맛나요,
잘 받았어요    ,
가끔 삽니다 좋아요 ,
잘받얏어요 ㄱㅅㅋㅅ,
후기가 좋아서 사봤어요,
소스맛이  프르 부족한데 간편해서 먹을 만은 해요,
무난히 괜찮은 간편식입니다 ,
잘 받았습니다  감사합니다 ,
감사합니다 감사합니다,
와 우 곱창이 냄새도 안나고 완전 맛나요,
아직 안먹어븜 마싯겟죠,
첫 향은 약간 초고추장 향인ㄱㅏ 싶은데 먹을수록 맛있어요  나중에 또 구매할거같아요,
저렴한 가격에 빠른 배송 맛있어요,
양배추껫잎넣고  맛있네요 ,
자주구매하는데 맛있어요,
순대곱창 야식으로 추천합니다  적당히 야채 더 넣어주면 더 맛있어요,
그냥저냐요      ,
저한텐 살짝 맵지만 그래도 맛있어요 ,
착한가격에 맛도 좋아요 ,
맛있어요 매콤해서 어른들 먹기 좋아요,
안주거리로 추천 드릴만합니다 ,
늘 주문하는거에요 좋아요,
마늘 양파 당근 떡 등 더 넣어서 볶아먹으면 양도많아지고 너무 맛있어요,
먹을만 하네요 순대 추가해서 먹었어요,
간단하게 술안주로도 좋아요,
생각한 것보다 매웠디만 맛있었어요,
이가격에 이정도면 매우만족입니다  맵기는 불닭에 한 절반정도고 살짝 얼얼합니다  양은 써있는 만큼 들어있고 야채도 조금 들어있어요  순대는 맛있고요 곱창은 아주 아주 조오금 살짝 질기다기보단 말랏다는 느낌  곱창양 꽤 있고 누린내는 역하다는 느낌은 없습니다  나는듯 안나는듯  양념이 쎄서 잘 안느껴지네요 ,
아직 먹어보지는 않았지만 기대 되네요,
요거 물건입니다 순대볶음생각날때 간단히 먹기좋아요,
처음 먹어봤는데 정말 맛있어요,
맛있어요 양도많아요 잘먹을게요,
냄새도 거의 안나고 맛있어요 혼자 상추쌈에 계란찜에 맛있는 한끼 했네요 집에 가족들이 곱창을 안좋아해서  인용으로 딱이에요 ㅎ,
아직안먹어봤는데너무맛날것같아요,
항상 시켜먹어요 후회없어요,
양이 적지만 맛있어요  조금 매워요,
기대를 너무했나봐요 맛없어요,
맛나요    좋아요,
너무 맛있어요   ,
순대볶음 곱창볶음 러버라면 꼭 드셔유   분 전자렌지에 돌리구 양파  깻잎  마늘 추가해서 후라이팬에 볶아 먹으면 너무 맛이 ,
저녁 야식으로 적당한 양이네요,
생각보다 훨씬 괜찮네요 근데 매워요,
간단간식으로 사봤어요  쉽고 빠르게,
조아요 조아요 조아요,
자주사먹어요좋습니다,
가격대비 넘 최고예요,
순대랑 야채 더 넣고 먹어도 맛있어요,
잘 받았어요 많이 파세요,
야채랑 당면 넣으면 식당에서 먹는거랑 똑같아여 ㅠㅠㅠ 완전 맛있어요 ,
술안주로 좋아요  ,
너누 밋있고 조리도 너무나 간단하고 정말 좋아요,
간단한 안주로 최고네요,
양이 적지만 혼자 나가지않고 집에서 먹기 너무 편하고 밥이랑 먹으면 한끼 식사됩니다,
좋아요  늘사는것입니다  ,
매콤하니 맛이 괜찮네요   분   초 데웠는데 순대가 살짝 딱딱한 느낌이라   초정도 더 데워도 될듯  간편하고 맛있어용,
맵고 짜다길래 야채를 너무 넣었나봐요 너무 야채 많이 넣지 마세요,
늘사던거예요 편하게 배송받아 좋아요,
아직 먹어보진 않았지만 후기가 좋아서 믿고시켰습니다,
가격대비 괜찮아요 ,
맛있어요  양이 적은가싶었는데 깻잎좀 추가해서 먹으니 양도 적당하네요,
간편하게 먹기 좋아요,
맛있는데 뜯기가 힘들어요,
항상 주문합니다    ,
맛  가성비 최고에요,
진짜 맛있어요    순대 곱창 다 많아요,
좋아요   맛있어요 ,
순대와 곱창 동시에 먹기좋아요,
그냥 보통맛이예요 양은 적어서 아이 간식으로 좋네요,
맛있어용 ㅋㅋ 잘삿어요,
생각보다 맛있어서 놀랏어용 매콤하구용,
잘 먹었습니다 좋아요,
맛있어요 다음에도 시킬께요,
너무 매워요     ,
피코크는 믹고 먹습니다,
맛나요  잘먹을께요 ,
쓱 배송으로 빠르고 가격 저렴 하고,
매번 구매하눈 제품으로 잘 먹고 있어요 집앞까지 편하게 배송 받아서 좋네요 앞으로도 자주 이용할랍니다,
양도 괜찮고 맛있어요,
냄새도 안 나고 맛있어서 재구매,
이거 진짜 맛있어요 흑,
너무 맛있어서 재구매했어요,
매운거 잘못먹는데 저한테는 매웠습니다,
순대곱창 땡길 때 간편하게 먹기 좋아요,
노브랜드 제품중 저희 집에서 탑중에 하나에요 가격도 저럼하고 맛도 좋고 나중에 막창은 안생기나 모르겠네요 가심비 좋은 제품인것 같아뇨 매콤하기도하고 순대도 맛나고 양념도 조희한테는 잘 맞아뇨,
내용물이 빈약하다  충분히 좀,
So sweet Like it lol    ,
걍 그랬어요  살짝 냄새도 나고 ,
양념이 매콤하니 맛있어요 근데  인분 양이 너무 작아 먹을게 압스ㅓ,
양은 적지만 ㅎ 맛있게먹었어요,
좀 맵지만 야채 추가해서 먹으면 맛나요,
맛있네요  캠핑가서 먹기 좋았어요 ,
몸에 해로울것같은맛   ,
곱창은 질기고 맛이 없어요,
가격대비 맛있게 잘 나왔습니다,
매워요 ㅠㅠ 매워서 무슨 맛인지도 모르겠어요 ㅠㅠ,
진짜괜찮아요 곱창도많이들어있고 잡내도안나도 순대도 넉넉하고 전 재구먀의향있습니다,
맛있어서 자주 사먹어요,
생각보다 양은 적네요 짭니다,
가성비좋구요 맛있어요,
배송 빠르고 좋습니다,
간단하게 먹기 좋아요  ,
좀 매운편인데 그래도 맛나요,
맛나요    인분 정도고 야채 좀거 추가해서 먹음 마쁘지  아요,
항상 시켜먹음요 ㅋㅋ,
술안주로 기가 막혀요,
양이 적어 아쉬워요,
맛있고 좋네요   ,
항상 사는제품이요 ,
가끔씩 밤에 먹을만해요,
자주 시켜요 좋아요,
너무 맵고 자극적이에요 ,
맛있게 잘먹었어요 ,
찹쌀순대랑 약간 찔깃한 곱창이 조금씩 들어있어요  양념 맛은 괜찮았어요,
양이 정말 쓰여있는데로  인분이에요  ,
노브램드 최애식품이에요 맛있어요,
양념은맛있어요   ,
리뷰가 좋아서 사봤는데 생각보다 너무 냄새나고 맛이없네요 ㅜㅜ,
맛있게 잘 먹었습니다 ,
생각보다 양이 적었어요  다른분들의 리뷰처럼 양념이 많아서 순대와 야채를 추가하여 먹으니 맛있어요  가격면에서는 주문음식과 별차이 없는것 같고  장점은 내가 먹고 싶을때 아무때고 먹을 수 있다는 것  그리고 레또르트 식품이라 안에 있는 야채  등이 아주 작다는것    첨에 야채가 없는 줄 ,
저렴하고 맛있어요 재구매의사 있음  ,
너무 맛있게 잘먹고 있어요,
좋아요 편리하고 슥ㄱ,
이거 맛나요 맛도좋고 냄새도 안나고,
진짜 소스맛나고 곱창 냄새안나서 좋음,
소주 안주로 좋아요,
별로예요   한번 구매햇어요,
좀 달고 곱창이 정말 질겨요   ㅎ 재구매의사는 없슴다 ,
맛나요 크게 비릿내 안나고 양념도 맛납니다 굿,
비상식량으로 쟁여둬요  아이들이 별식 먹고 싶을때 알아서들 해먹네요  맛도 굿  가격도 굿  중학생이 조리 해먹을수 있을 정도로 간편하게 나왔어요 ,
한끼잘먹엇어요 조금매워요,
맵고 질겼어요  전자렌지 안쓰는데 못보고 주문해서 직화로 했더니 그런가 싶어요  씹어도 씹어도 그대로고 매워서  싫어하는 사람이랑 먹으면 좋을 것 같아요 ,
아 진짜 냄새 너무 심 ,
양이 적당해서 좋아요,
맛있어요   인분양으로 적당하고  예상외로 곱창이 고퀄이라 놀랬네요,
다시 살 만큼은 아니지만 한 번 먹어보기 나쁘진 않았어요,
할인때 저렴하게 구매했는데 가격대비 괜찮았네요,
음 곱창순대 생각보다 많아요 간단히 먹기 좋아요,
재구매합니다 맛있어요,
순대 곱창 볶음 맛나요,
맛있어요 매콤하니 술안주로 딱이네요,
생각보다 맛있어요 ,
맛있어요 가격도 저렴하고  쟁여놓고 술안주로 종종 꺼내먹어요,
이건 그냥 그래요  ,
강추강추합니다요 정말로,
양이 적지만 맛나요 ㅋㅋ,
좋아하는 순대곱창 볶음 입니다  혼술 안주네요,
처음 구매했는데 맛은 아직전입니다 ,
양이 좀 아쉽지만 그래도 그럭저럭  ,
맛있는데 꽤 매워요 ,
빠른 배송 감사합니다,
신선하고 좋아여 ㅇㅇㅇㅇ,
맛납니다 굳굳굳입니다,
가격 대비 구성 좋고 맛있어요  소스는 매콤한 편이라 양배추와 양파도 넣어먹어요,
저렴하게 잘 샀어요,
맛 괜찮고 저렴해서 자주 먹어요,
진짜 맛있어요ㅎ 매운데 계속 먹게되요,
자주 주문해요  맛있어요,
맛있어요 추천합니다,
딸이 곱창을 좋아해서 시켰는데 맛있다고 하네요 양이 작아서 아쉬웠어요,
역시 아주 맛있게 먹겠습니다 ,
항상 구입해서 먹고있어요 ,
배송 굿이네요 신선해요 굿굿 벗 양이 좀,
상품좋아요 아주좋아요,
맛있어요 추천합니다 ,
좋습니다 감사합니다,
음  ㅜㅜ 순대 냄새가 나고 간이 너무 쎄요    앞으로 완제품은 안 사먹으려구요   ,
노브랜드작중실패작임,
늘 구매하는 제품이예요 맛있어요,
맛있어서 재구매했어요ㅋ,
맛있는데 좀 매운 편,
아직 안먹어봤지만 기대돼요   ,
곱창이 질기긴한데 그래도 먹을만해요,
생각 보다 매워요 ,
조금 맵지만 양도 많고 맛있어요,
양이 은근 많아요  ,
이거 진짜 좋아요 ㅠ  ㅠ   다른 브랜드 곱창들은 진짜 비싼ㄷ 이건 싸고 맛있어요,
막맛잇는편은아니었어요ㅠ,
이전에 한번 먹어본적 있는데 맛있었던 기억이 있어서 주문했어요 양도 적지 않네요 조리도 쉽고  충분히 개인 취향에 따라서 가감이 가능해서 더 좋네요 ,
여기에 순대나 야채를 추가하면 좋아요 ,
즐겨먹는데 맛있어요,
간편하고 맛있어요  ,
맛있고 두끼정도 혼자서 해결하기 가능,
냄새안나요  다른 야채 잔뜩 넣어도 간이 맞네요 ,
기사님이 누락하셨다가 바로 보내주셔서 ㅎㅎ 저녁으로순삭했넹ㅎ ㅎㅎ 맛있어요   ,
간편하게 먹긴 좋으데 양이 적어요,
가성비 좋은 제품 한 끼 때우기 좋아요,
술안주로 먹을만 해요 ,
순대는 맛있는데 곱창은 질겨요 양은 둘이 안주로 먹기 딱 좋구요 양념은 매콤하지만 맛나요 야채도 적당히 들어있구요,
생각보다 건더기도 있고 맛있네요 간편하고,
가성비가 좋아요 자주 먹을거같아요,
좋아요 좋아요 좋아요,
적당히 매운맛이 기분좋네요 맛도 최고,
아직 먹어보진 않았는데 괜찮음 재구매해야겠어요,
늘 구매합니다  가격대비 정말 괜찮아요,
맛잇어여 ㅠㅠ 양 엄청 많음,
넘 매워서 다른 재료 더 넣어 먹어욤,
야채 추가해서 볶은후 깻잎에 싸먹으니 짱맛   안주로 제격입니다  ,
간편술안주로 좋네요,
매콤하고 일인분으러 적당한것같아요 어른이들의 술안주로 좋은듯요,
아직 안 먹었으나 맛있어보임,
맛은  있지만  양이 너무 적습니다,
그냥 기대없이 간단히,
맛있어요 맛있어요  ,
간단한 야식으로 좋은거같아요,
가격대비 좋습니다 ,
실하고 맛도 좋아서 재구매,
냄새걱정을 했는데 생각보다 좋았어요,
양념이  너무매워요 모랄까 깊이없이매워요 매운맛말고는 달거나 짜거나 그런맛이 없음 저렴한 스파이시소스 쓴거같은데 재구내의사없어요ㅠㅠㅠ,
그냥 가격 정도 하는 맛입니다,
냄새 안나고 좋은데 매워요 ㅠㅠ,
깻잎 양파넣으면 더맛잇어요 양도 많아요,
순대곱창이 넘 땡기는데 존맛이구먼유ㅑ,
먹다보면 매운데 먹을만함 존맛탱까지는아니고 맛탱,
와 진심맛있어요 간편하게 돌려서 야식으로 캔맥과 함께 먹는 중이요 재구매각입니다,
항상 구매하는 상품입니다 ,
맛있어요 재구매 의사있음,
야채 추가해서 볶아서 맛있게 먹었어요  양념 묻은 포장재는 깨끗이 씻어서 분리수거했어요 ,
맛있어용 꽤 ㄴㅎㅎ,
이건별로에요 맵기는많이맵고 먹을거없네ㅛ,
갑자기 순대볶음땡길때  굿,
살짝 매콤하니 맛있어요 양도 딱이예요 남김없이 먹을 수 있어요,
항상 맛있어요 좋아요,
가격 저렴하고 맛도 좋고 최고    ,
노브랜드 순대곱창볶음 최고입니다  ,
맛있어요 한끼 딱 좋아요,
매콤하고 혼자 가볍게  먹기좋아요,
맛있어요 소스가 넉넉해서  밥이랑 김이랑 참기름넣어서 비벼먹으면 굿,
빠른배송 합리적인 가격에 맛도 좋아요,
이거는  약간ㅜㅜ잘모르겟어요  곱창도 몇개없구ㅜ,
맛있어요   당면도 들어있고 곱창이나 순대도 냄새 안나서 좋아요  양념 너무 맛있네요  순대곱창볶음 혼자 먹고싶을 때 딱  인분 먹고 밥 볶기 좋아요,
맛있어서 재주문 했어요,
좋아요 자주구매해요,
잘 구매했습니다 굳굳,
양이 너무 작네요   ,
매번 구매하는 제품이에요,
리뷰가넘좋아서 저도한번ㅈ구입해봤어요,
전자렌지 돌리면 된다고했는데 순대도 잘 안익고 양념이 강해서 야채랑 순대 추가해서 후라이팬에서 볶았어요 볶아서 먹으니 더 맛나네요 재구매는 안 할듯,
저렴하게 잘 샀어요  배송 잘 해 주셔서 고맙습니다 ,
신랑의 최애 안주   ,
매콤하고 간단하게 먹기 좋아요,
간편하게 출출할때 먹기좋아요,
제입맛에는 아니네요 ,
상품에 만족합니다 ,
맛있게 잘 먹었습니다 ,
첨샀는데 또 살거에요,
맛있게 잘 먹었습니다,
괜찮아요 맛있어용,
가격대비 맛나요 자주 이용중,
가족들이 좋아하네요  냄새도 안난다고 하고   ,
한 끼 잘 먹었어요 ,
간식으로 한 두번 먹기 좋아요,
정말 맛나요  중독성이 있는지 매 번 주문하네요  가성비도 좋습니다 ,
생각보다 맛있어요 냄새도 안나고,
노브랜드라고 다 가성비가 뛰어난건 아니군요  양도 그닥인데 맛도 그닥  곱창은 적어서 더 그닥,
맛있어요 가성비좋네요,
아    너무 매워요  양파  양배추  당면 추가해서 볶아 먹었는데도 매워요  이 제품만 데워먹으면 정말 불순대곱창볶음 일 것 같아요 ,
항상 사는 제품이에요 좋아요,
두번 구매했어요 신랑이 괜찮다네요,
오  저녁때 출출할때  그리고 맥주 안주로 가볍게 한잔할때 좋아요  적당히 매콤하고 곱창이 쫄깃한 식감이예요,
항상 싸고 맛있어요,
항상 사먹는 겁니다  너무 맛있어요 ,
맛있어요 일부러 양배추 많이 넣고 볶아 먹습니다,
자주 이용하고 있는 상품입니다 ,
좋아요 맛있어요 항상,
수고하세요 감사합니다 ,
혼술하기 딱 좋은 안주네요 맛납니다 ,
맛있게잘먹었습니다   ,
맛있는데 또 사지는 않을 것 겉아요,
순대랑 같이 맛있어요,
너무 좋아요  다음에 또 구매할게요  ㅎㅎ,
이건 아주 별로였어요,
몇번을 계속 굿굿굿,
양념이 생각보다 많아서 깻잎이나 양배추 더 넣고 볶으시면 간이맞아요,
쓱배송  새벽배송 그때 드때마다 편리하게 사용하고 있습니다  요사이는 쓱배송  새벽배송의 차이를 잘 모르겠습니다  여하튼 이마트 매장에 갈 시간도 없고 이마트 상품은 필요한데 시간 맞춰 배달해 주니여러가지로 편리합니다  매장 가서 사는거나 배달해주는 거나 같을 것 같지만 상품 중 일부는 매장에는 있는데 배송이 안되는게 있더라구요  또한 어떤거는 쓱배송에 있는데 새벽배송에 없는게 있고 반대로 어떤거는 새벽배송에 있는데 쓱배송에 없는게 있더라구요  계속 거래하여 오면서 이것저것 잘 사용하고 있습니다,
제 입맛에는 안맞고 살짝 누린내 났어요,
볶음밥용이네요  그냥 먹기에는 곱창 너무 적게 들어있어요  양념이 더 많아요 ,
식톤딘ㄱ ㄴ ㄷ늰 ㄱ니,
ㄱ지ㅡㄱ 늰건궂느짓ㄱ,
 인가구가 한번 먹기 괜찮아요  엄청 맛있고 그렇진 않은데 먹을만은해요 ,
정말 맛나요  곱창도 순대도 간도 적당하구요 ,
맛있어요 양이좀적습니다,
자주 먹는 거예요  좋아요,
조금 맵고 그런대로 무난한맛,
양은조금좀작지만맛은좋아요,
그냥 조미료맛이 많이 나는거같아 저는 별로였네요,
안주로 샀어요  굳,
할인해서 구매해봤는데 저는 그닥이네요,
좋아영 맛있습니다 ,
잘 받았습니다 잘 받았습니다,
약간 매운데 괜찮아요,
쓱 배송 좋아요  ,
호기심에 주문해보았어요 가성비 짱임 ,
간단하게 해 먹기 좋아요,
생각보다 양이 튼실함,
음 별로입니다 재구매의향없어요,
개존맛이네요 이거     한명이 먹기 딱 좋아요,
캠핑안주 제격이더라고용,
음 제가 생각한 것보다 별로 였어요ㅠㅠ,
너무 짜고 매워요ㅠ,
항상 애용하는 제품입니다 ,
좋아요 맘에 들어요,
별로예요  그냥 매운맛만 있어요 ,
맨날사용하는 제품이에요 좋네요,
소주 넣고 볶아 먹었는덕 맛있네요  냄새도 없고,
매워요 칼칼하고 순대 더섞어먹음,
자주 사는 제품이에요  ,
자주시켜요   편해요,
간편하게 맛있습니다,
맛있어요 잘산거같아요  ,
가성비 좋고  맛있습니당 ,
전자렌지로 돌릴때 시간이 맞지않으면 맛이변함 순대복음 그대로의 맛,
순대에서 오래댄 냄새나고 개니 두개시켜서 먹다 버림,
야식으로 딱 좋은,
맛있어요 추천합니다,
늘 주문하는 제품입니다  양은 적은 편인데 상당히 매워요  부추같은 거 추가해서 드시면 좋습니다 ,
술안주 밥반찬으로도 좋네요 싸고 맛있고 매워요,
좋아요 최고에요 다먹음 다시주문각 ,
맛있어서 만족합니다,
gl니이리디길히히ㅚ 지깊,
집에서 간단하게 한잔 하고 싶을때 딱이에요  매운것도 순대곱창도 좋아해서 만족스러운 편입니다  가격도 딱 좋고 냄새도없고 맛있어요,
항상 애용해요 좋아요,
배송 빠르고 넘넘 좋아요,
양이 적은데 맛은 괜찮아요,
출출할  먹으면 진짜 맛있는 음식 ,
맛있을거같아서 샀어요,
항상 구매하는 제품입니다  좋아요   ,
너무 매워요 ㅜ 야채 추가해서 먹으면 좋아요,
이거 사드세요 베리굿,
이거 사드세요 베리굿 가끔 매운거 땡길때 굿굿,
요건 별로임 다른거 드셈,
자주 삽니다  매콤하고 맛있어요,
배달 시켜먹는 퀄리티는 아니예요 ㅠㅠ,
솔직히 별로였음 돈아깝,
간단하게 먹기 좋아여,
이 가격에 집에서 편하게 순대복음 먹기 성공,
안주로 간단히 먹기좋아요 좀 매워요,
늘 구매하는 제품 ,
맛있는데 넘 매워요,
배송도 빠르고 너무 맛나요,
맵긴 한데 먹을만해요,
자주 사용하는 제품이에요,
생각보다 양이 작아요 그리고 짠맛이 강합니다,
가격대비 맛도 좋고 가성비 갑이네요  ,
아직 안먹어봐써여 맥주 한잔에 같이 먹으려고삿는데 맛잇을거같아요,
늘 애용하는 제품입니다  맛있어요 ,
간편하고 맛있습니다,
야식으로 먹었는데 매워서 좀 놀라긴 했지만 신랑이 좋아해서 사놓고 먹을까 해요 ,
맛있었어요 맛있어요,
맛있어요  간단하게 먹기 좋아요,
진짜 항상 구매함,
맛있게 잘 먹었습니다,
호기심으로 구매를 했는데 생각보다 맛있었어요,
너무 맛있게먹어서 또 구매,
맛있는데 양이 적어서 순대  채소 따로 사서 추가해서 같이 볶아 먹었어요,
냄새안나고 맛있어요,
냄새안나고 술안주로최고 ㅋ,
맛있어여 좀 매움,
맛있어서 또 주문했어요,
간단하게 먹기 적당한 양이에요  곱창은 살짝 질긴 느낌이 있어요 ,
다른 곳과 비교해서 구매했는데 가성비와 품질에 만족합니다 ,
가격대비 맛이좋아계속주문합니다,
즐거먹는 순대곱창 볶음 입니다,
맛있어요ㅠ 입맛없을때 진심 구세주임,
추천하지 않습니다 ,
이가격에 혜자같은 내용물 실화인가요,
간편하게 먹기 좋습니다 ,
너무 맵고 짜고   겨우 먹었음,
순대곱창 매콤하니 맛있어요,
자주 구매합니다   ,
간단하게 잘 해먹어서 편해요 ,
ㄱ가성비대비 괜찮은편 ,
좋은 상품 좋은 가격 마니 파세요,
매콤하니 맛있네요 혼자 먹기 좋아요,
간편한 술안주로 좋습니다,
이제느안시켜야겠다,
첨엔 좋았는데 다시시키니까 좀  ,
순대랑 채소추가해서 먹으니  인분  ,
간편식이라 걱정했는데  냄새 하나도 안 나고 양배추 추가해 먹으면 파는 맛 저리가라 ,
간편하게 먹기좋아요 적당히 맵고 맛있어요 냄새 없어요 ,
노브랜드순대곱창 강추입니다,
양배주랑 깻잎넝고 해먹었어요 먹을만해요,
늘 구매하는 제품이에요,
실온 냉장물품은따로좀해서신선하게배송부탁합니다 먹고탈나면책임지시나요  이런냉장식품을그냥복도에 이더운날에    ,
비닐 압착 포장 이 좀 불편해서 개선되었으면 좋겠어요 맛은 좋아요  한번쯤 사먹을 만해요 ,
평이 좋아서 사봤어요 괜찮네요,
너무너무 매웠지만 맛있었어요,
그런대로 먹을만한데 강추하긴 좀 그러네요    ,
잘먹었어요 맵긴 맵네요 워낙 매운걸못먹다보니 그래서 들깨가루 팍팍 넣었답니다,
맛이 좋은데 좀 맵네요,
곱창냄새가 너무 나네요,
맛이서용 좋네여   ,
무난한 맛입니다   ,
자주 구입해 먹고있어요  ,
배송 빠르고 넘넘 좋아요   ,
잘받았구요 잘쓸게요,
매워서 애들은 별로 입니다,
맥주안주로 먹으려고 샀어요 ㅎㅎ,
생각보다 매워요 야채가 많아서 좋았어요,
개인적으로 많이 맵게 느껴지지만 간편하게 먹기 좋습니다 ,
편하게 집에서 잘받았어요,
많이 맵고 짭짤하지만 야채를 추가해서 먹으니 괜찮아요 ,
혼술하려고 미리쟁여둠ㅋ,
맛있긴한데 너무 매워요,
술안주로 간단히 먹기 좋습니다 ,
간편하게 먹긴 좋으나 역시 맛은  ,
매콤하고 맛있어요 ,
별로예요 먹을 만하다,
굉장히 본격적인 맛입니다  파는 맛 나요  다만 많이 맵습니다  맵찔이들은 양배추와 당면을 준비하십시오  저는 불ㄷㅂㅇㅁ은 아무렇지 않게 먹는 사람인데 그와 다른 칼칼한 맛이 납니다  근데 또 사먹을 것 같아요  전자렌지 말고 양배추  양파  당면  깻잎 넣어서 후라이팬에 볶아드세요  진짜 맛있음 ,
늘 이용합니다     좋아요 매콤하니 맛나요,
전자렌지 선호 안해서 물 좀 붓고 후라이팬서 볶으니 맛나네요,
맛있어용 헤헷 좋아요,
맛있어요 항상 구매해요,
간편하게 먹기 좋아요,
매콥하고 좋아요 맛있어오,
저렴한 가격에 내용물이 실합니다 ,
그냥 그렇습니다,
주말 술안주  내사랑 순대곱창  가성비 갑,
양이적고 많이 매워요,
먹을만 하다능  안주다능 ,
아직 먹지 않았지만 편하고 좋을 것같습니다  잘 먹겠습니다,
매콤하고 맛있었는데 잡내는 좀 있네요 간단히 맥주 안주정도ㅎ,
냄새안나고좋아요ㅎ 어묵탕이랑 같이 맛있게 먹었네요 ,
곱창보다 순대양이 많긴해도 야식 술안주로 좋아요,
가성비 맛 정말 좋습니다,
배송도 빠르고 상품도 마음에 들어요   ,
먹을만 합니다ㅡ 또 땡기면 구매할께요,
양은 좀 작은데 매콤하다고 큰아이는 맵다고 하네요 ,
순대곱창볶음 해먹으려구  ,
좋아요 맛있어요  ,
아직안먹어봤지만 기대중,
매번 구매하는데 정말 맛있어요,
맛있어요 괜찮아요 ,
가격대비 괜찮은 것 같습니다,
베송도 빠르고 좋아요 ,
간편히 먹을 수 있어요,
순대랑 채소 좀 더 넣고 해먹으면 간편하게 한끼 먹을 수 있어요 ,
매번 사먹는거에요ㅎㅎ,
두번 구매는 좀 개인 취향이라,
매운데 코로나로 이만한게 없네요,
간단하게 먹기좋아요 비상안주로 항상 쟁여놓네요,
찰순대랑 같이 볶아 먹음,
맛괜찮네요 재구매의사있어요,
푸짐해서 좋네요  비닐 뜯기는 불편하지만요,
사람들이 괜찮다고 해서사봄 배달곱창은 비싼데 맘에드는 맛집을 아직 못찾아서 ㅠㅠ,
맵찔인데 생각보다 매워서 먹는데 좀 힘들었습니다  그리고 간도 강하구요  술 안주는 딱인데  식사 대용으로는 맞지 않은 것 같습니다 ,
조금 매워요 맛있어요,
매운데 맛있어요  재구매의사있어요,
누린내안나고 먹을만해요,
완전 맛있게 먹었어요,
맛있고 너무 좋아요  ,
맛있네요  감사합니다 빠른배송에 잘 구매했어어요  또 시킬것 같아요,
좋아요 신선해요 맛있어요,
너무 매워요  양은 좀 적네요,
그냥저냥먹을만합니다,
맛잇어요 싸게 잘 구입했어요,
집에서 돼지고기 추가하여 볶으니 풍성한 볶음요리 완성 ,
술안주로 좋아요  맛있어요,
생각보다 양도 많고 맛도 괜찮았어요,
전 이거 꼭 주문합니다,
간편하고 맛있어요,
잘 받았어요  수고하세요 ,
생각보다 더 맛있었어요  양념도 넉넉해서 밥도 넣어서 먹었네요 ,
 잇네요 여러가지야채넣고 먹기좋아요,
혼자먹기에 딱좋아요 맛나네요,
꽤매워요ㅜㅜㅜㅜ위염있는분들에겐비추,
이거 유명하대서 구매해봤음,
순대랑 같이 주문했는데 한끼걱정 덜어요,
양이 좀 적지만 먹을만 해요  술안주로 좋을듯합니다,
간단하게 잘 먹었습니다 ,
항상빠른배송감사합니다,
맛나서두번째구매에요 매콤하네요,
적극추천합니다 배송도 빠르고 가격도 저렴하고 품질도 좋아요 적극추천합니다 배송도 빠르고 가격도 저렴하고 품질도 좋아요 매우 좋아요 적극추천합니다 배송도 빠르고 가격도 저렴하고 품질도 좋아요 아주 좋아요 적극추천합니다 배송도 빠르고 가격도 저렴하고 품질도 좋아요 꼭 사용하세요 적극추천합니다 배송도 빠르고 가격도 저렴하고 품질도 좋아요 적극추천합니다,
좋아요 잘 먹을께요,
양도많고 맵고 맛있어요 ,
간단하게 먹을 수 있어요,
잘먹겠습니다    감사합니다  ,
간편하고 맛있어요 좀 매운편이에요,
곱창먹다 이나갈듯 ㅠ 질겨요 완전 고무임 양념랑 순대는 먹을만 한데 너무 아쉬워요,
야채도 들어있고 맛  있어요,
양념이 많아 조금 넣고 맛 조절해야 좋아요,
쏘쏘에요  보통   맛있다   라는 생각은 잘 안들어요 ㅠㅠ,
간단한 안주용으로 좋아요 맛있어요 매콤해요,
술 안주로 먹기에 괜찮네요,
맛있어요 쓱배송으로 편하게 구매했어요,
생각보다 맛있었음 재구매할 의향있음,
좋아요 감사합니다 굳굳,
좋아요 좋아요 아주아주,
늘좋은상품 감사합니다,
양도 꽤 많고 맛있어요 ,
남편 술 안주로 즐겨먹어요 맛있어요,
조금 짜고 매워서 순대 추가로 사서 야채랑 더 넣으니 괜찮네요,
자주 시켜먹는 편이에요 맛있어요,
아이가 좋아해서 먹었어요,
가격 저렴하네요  맛은 쏘쏘,
아이들도 잘먹고 좋아요,
그냥  감칠맛이 약간 부족한 듯,
제 입맛엔 맛있어요,
간편하고 맥주안주로 좋아요,
포장 뜯기가 영 불편하지만 순대 좀 더 추가해서 후하리팬에 볶아 먹으면 너무 맛있어요 ,
죤맛탱 가성비 굿입니다,
매운데 맛있어요 그래서 재구매 할거에요,
빠 른 배 송  좋았습니다,
술 안주나 간식으로 굳,
밥 넣어서 볶음밥으로 먹었는데 맛있어요,
가성비 짱입니다 곱창매니아라서 종종하먹어요,
신선해요 좋아요ㅎㅎ,
맛있는데 조금 매워요  딱 안주네요 ,
저희집 즐거운 간식입니다,
적당히 맵고 조금 이상한 냄새가 나지만 맛있어요,
재구매했어요 혼자 먹기 딱입니다,
매콤하고 혼자 먹기 좋아요  둘이 먹긴 적어요 ㅠ,
맛있게 잘 먹었어요  전 여기에 양파썰어서 같이 볶아서 먹었더니 맛있네요  다먹고 밥도 볶아먹었어요  근데 좀 많이 매워요ㅜㅜ,
순대 따로 구입해서 야채 추가하고 섞어서 볶아 먹으면 정말 맛있어요,
가격대비 맛있어요 ,
남편이 먹어보고싶다해서 처음 주문해봤는데 매콤하니 맛있다고 잘먹었어요 ,
맛있을것 같아 주문합니다,
캠핑에서 간편하게 먹었습니다  양이 작아서 당황했어요,
엄청 매워요 속이다 얼얼 귀속까지 아파요 ,
생각보다 양이 적어요,
무난하게 막을만해요,
싸고 매콤하고 맛있고 좋네요 굿굿,
순대볶음 맵고 짠데 맛은 있어요,
아직 먹어보진 못했는데 친구가 맛있다고 추천해서 샀어요  생각보다 양은 적은거 같지만 혼자먹기 딱이에요 ,
조금 냄새  시큼한 맛  짜고 매워요   처음에는 가성비 괜찮다 싶어서 몇번 구매햇는데 맛이 이상하네요   상한건지  ,
배송도 빠르고 좋아요,
양은 굉장히 적고 곱창도 두꺼운 빨대 수준으로 얇았지만 적당히 맵고 맛있어요 ,
렌지에 바로 돌려 먹을수 있는 점은 간편한데 비닐이 그릇에 딱 붙어 있어 벗기기도 좀 불편하고 배출시에도 완벽 제거가 어렵네요 맛은 그리 맵지 않았습니다,
이건 좀   곱창에서 냄새가 많이 나요 저는 재구매는 안 하는걸로,
잘받았습니다 잘먹겠습니다,
너무 매워요 그냥저냥 한번 먹을정도  다시 구매하지는 않을 듯 해요,
첨으로 이런 안주류 사봤는데  생각보다 맛있내요  순대가 좀 퍼진게 많아서 아쉽긴하지만 곱창이 정말 쫀득쫀득 해서 넘나 맛나용    근데 매운거 잘 못 먹는 저에겐 많이 매워서 호호 불어가면서 먹고 있답니다  밤 야식으로 추천합니당 ,
매운거 먹고싶을때 사먹는 친구,
할인할때 잘 구매했어요  생각보다 매운데 집에서 간단히 해먹기 좋습니다,
맛있어요 간편히 먹기좋아요,
그냥 간단하게 먹기 좋아요,
좋아요 맛잇어요 감사해요,
별로 순대 냄새나고,
진짜 매운데 맛있어요 야채 추가하고 치즈 추가해서 먹어요,
가볍게 먹기 좋아요  조금 기름지지만,
항상 유통기한이 촉박하게 와서 아쉽지만 그래도 맛은 최고에요,
자주 애용하는 상품입니다,
나쁘지 않아요 렌지보단 후라이팬조리가 더 맛있네욤,
양배추랑 깻잎 좀 썰어서 전자렌지에 돌린 제품과 함께 볶아먹으니 맛이 괜찮네요  그냥 먹는것보다 밥넣고 김가루랑 참기름넣고 볶음밥으로 만들어서 먹으니 더 맛있어요 ,
아직 안먹어봤어요 기대되요,
조금 맵긴하지만 술한잔하면서 먹기 좋아요,
생각한것 외로 양이 많습니다 ,
혼술 안주로 제격이라는  매콤해서 더 맛있어요 ,
한번씩 간편하게 먹기 좋아용,
생각보다 맛나네요  야채 좀 사서 쉐익하면 좋을 듯요,
가격대비만족합니다 ,
개인적으로 별로네요   개 구입했는데 안먹고 싶네요 ,
매워도 너무 매워요,
좀 많이 매운것 같네요 ,
평이 좋아 첨 시켜봄,
맛있네요 야채좀 더넣고 볶아먹으니 맛있어요 곱창은 좀 질긴데 곱창냄새안나서 괜찮아요  ,
맛있고 제품 좋아요,
좋아요 좋아요 좋아요,
양념은 맛있고 매우 매워요 곱창은 좀  ,
좋아요 잘 먹을께요    ,
좋아요좋아요좋아용용용,
캠핑가면서 편하게먹으려고 샀어요,
편하게 데워먹기는 좋은데 곱창은 질기고 양념맛은 걍 평범합니다 ,
맛나는데 맛나는데 맛나,
정말 맛있게 먹었어요 또 주문하러 갑니다,
항상 믿고 구매하는 품목입니다  맛있고 품질도 좋아요 ㅎㅎ,
생각보다 맛있었어요 나중에 또 주문해 먹을께요,
아 이것도  짜 별미임,
술안주로딱이에요  ,
반신반의하면서 시켰던 제품인데요  가족들이 맛있다고 난리에요  순대곱창 나가서 먹긴 귀찮고 집에 있을따 딱 한끼로 괜찮은거 같아요  곱창은 조금 질겼어요 하지만 맛있었습니다  생각날때 주문할거같아요,
조금 매운데 양 많고 맛있습니다 ,
생각보다 맛있어요 ㄱ,
혼술로딱좋은안주 렌지에돌림되니간편,
한번살때 개씩쟁여요 혼술에딱,
배송 빠르고 상품 잘받았어요 마니파세여,
재구매의사      에요,
배송 빠르고 좋아요 감사합니다,
나는 맛있는데 신랑은 그냥 그렇다는맛,
걍 사먹을래요 별루,
그럭저럭먹을만한거같아요,
좀 맵긴한데 한번에 먹기 너무 좋아요  양도 적당한 것 같고요  맛도 있어요 ,
가끔 간단하게 먹을만해요,
자주 먹어요  혼자먹기 딱이에요 ,
순대곱창먹고싶을때 가볍게 좋아요,
좀 짜서 떡볶이 떡이랑 같이 해먹고 그래요,
빠른배송 신선재료 감사해요,
안주로 먹으려고 샀어요,
리뷰믿고 구매해봤습니다   ,
빠른배송좋아요 빠른배송좋아요,
양념이 살짝 약해요  양은 적당한편,
가끔씩 맥주안주로 괜찮지만 좀 짜내요  ,
야채넣고 볶아 먹으니 맛있더라고요,
완전 실패했슴돠  제 입엔 정말 안 맞아요 ㅠ,
좀 매워요 약간 질리는맛,
 노브랜드  순대곱창볶음    g,
매번시켜먹어요  좋아요,
새벽배송으로 빠르게 도착했어요,
맛있어서 두번째 구입해요 ,
잘받앗어요 감사감사ㄱㄷ,
요거 맛나요,
먹을만해요추천합니다,
곱창 냄새 안나고 쫄깃쫄깃 식감이 좋아요,
양이작지만 갠춘해요,
늘 주문합니다 재구매 예정입니다,
먹어보니 양이 딱  인분 살짜 모자른듯 해서 몽땅 주문했어요 그만큼 맛있구요 깻잎 양파넣고 먹으려구요,
양념도 맛있고 곱창냄새안나고  인분딱좋아요,
사진이랑 똑같아요  ,
맛있어요 자주 이용할게요,
아주 맛있다는 아니구요 그냥 저냥 먹을만 한 정도예요 ,
전자헨지에 돌렸는데 후라이펜에 양념 더 추가해서 볶아 먹었어요,
조금 매운데 양뎌 많고 좋아요 ,
간단하게 먹을때 안주로도 좋을듯 해요,
    원 할인가격 한번 사봤는데 먹을수록 눈물 콧물 매워요 ㅎㅎ 너무 맛있어요 밥 참기름 넣고 뭉쳐서 같이 먹음 맛나요 아이스커피랑 매운맛 식히면서 먹으니 더 맛있네요,
좋아요 늘주문하는 제품이에요,
안주야 곱창 자주 먹다가 요거 한번 먹어봤는데 남편은 괜찮다했지만 제 입엔 별로예요 ,
저렴해서 자주 이용합니다,
아이가 먹고싶다고 구매했는데  야간 매콤하네요 야채넣고 드세요,
대박 또 구매할게요,
자주 먹어요 너무 맛있어요,
매워요 근뎨 맛있응 냄새안남 양적음,
야채잔뜩넣고 볶으니까 괜찮아요,
순댜볶음 너무맛나요ㅠㅠㅠ,
좀 많이 매운데 먹을만해요  먹고싶을 때 냉동실에 하나쯤 있으면 좋을듯 싶네요 ,
귀찮아서 후기 안쓰는데 안쓸수가없어요 너무 맛있구요 바로 재구매들어갑니다 떡볶이넣어서 먹으니 매운걸줄여주구요 곱창이 안질기고 냄새안나고 너무 맛나요,
제품도 배송상태도 만족합니다,
간편하게 먹기좋고 맛도 괜찮아요,
매콤하고 맛있어요 ,
한번 먹을만큼 들어 있어 간편하고 맛있고 좋아요,
렌지에 간편히 데워 먹을 수 있어요 매콤하니 맛나네요,
상품 잘 받았습니다,
혼자먹기에 적당한 양입니다 ,
기대되요 잘먹을게요,
가성비 갑이죠  맛있고 싸고,
맛있어요  잘 먹을게여,
진짜 맛있어요 이거 안사면 바보,
매운거 좋아하시는분은 좋으실듯 ,
좀 매운데 맛있어요  간편하게 안주로 좋아요,
맛있습니다 잘 먹었습니다,
술안주로 은근 맛있음    딱  인용으로 조음,
가성비최고 맛있어요,
좀 매워요   먹을만해요,
딸 아이가 먹고싶어해서 주문했어요 ,
양이적어서  인 느낌,
먹을만해요 그저그래요,
맛나지만 양이적어요 ,
맛있는데 양이 적어요 ㅠㅠ,
 인 혼술 안주로 아주 제격이에요  맵콤하니 맛있어요,
생각보다 맵고 좀 질기지만 맛있어요,
맵고 맛있는데 양도작고 짜요,
맛있어요 재구매 의사있어요,
매워요  곱창 역한냄새 거의 안나서 좋았어요  혼자 먹긴 양이 많아서 두번에 나눠먹었어요 ,
맛있게 잘 먹었어요  다음엔 양배추도 같이 넣어서 먹어봐야겠네요,
조금 매콤한데 먹기는 좋아요  캠핑가서 간식으로 먹으니 인기만점이네여 ,
항상 먹는거에요 잘 먹겠습니다  ,
좋은가격 좋은 상품 만족합니다,
맛있어요 또 사야할듯요,
맛있어요 추천합니다  ,
저렴하게 좋은상품 샀어요 ,
맛있어요 잘먹었습니다 ,
맛있어서 즐겨먹는 상품이에요 ,
잘받앗어요 감사감사ㄱㄷ,
맛있습니다  하지만 역시 이런 종류는 철판에 볶아서 먹어야하나봐요 ,
남편 술안주로 맛있어요 항상 쟁여두고 싶어요,
맛있어요   양도 혼자먹기 적당해요,
좋아요  좋아요  좋아요,
꽤 만족스러웠어요 포장지가 안 뜯어져서 고생 좀 했지만 맛있네용,
좋아여 자주 애용하는 제품이에요,
좀 매워서 야채를 많이 넣었더니 양념이 좀 부족한듯 하나 가성비 굿,
곱창 너무 좋아하는데 집에서 생각날 때 바로 먹을 수 있어요,
믿고 사는 노브랜드입니다  개인적으로는 많이 매운 것 같지만 맛있습니다 ,
오래 보관도 가능한 제품 술안주로 지격,
이거 밥볶아먹을때도 좋고 매번 사먹습니다,
자주 구매하는 상품입니다,
음  전 별로 였어요,
저렴한 가격에 잘 구입했습니다,
얼큰해서 야채 좀더 넣으면 맛나요,
맛나다 욕심이지만 곱창 더,
청양고추 넣고 요리하니 맛있어요 ,
맛있게 잘 먹었습니다 ,
매콤하고 양도 좀 넉넉해서 두 명   사이드메뉴 하 나면 배부를들,
매콤하고 맛있음 야식,
와우 룬대곱창볶음 저힁하이프가 너무잘먹었다고 아합니당,
조리 간편하고 냄새도 안납니다 ,
아주좋나요오엉우아으이,
음    생각보다 별로였어요   ,
생각보다맛있네요 자주구매할듯,
와우 왕추천 생각보다 좋름,
맛은 있는데 양이 생각보다 적네요,
양이 적고 냄새나요,
좋아요 잘 받았어요,
간단하게 먹기 좋아요  양은 좀 적습니당 ,
생각보다 맵고 잡내가 나요,
기대만큼은 아니지만 괜찮아요,
배송도 제시간에오고 잘샀어요ㅎㅎ 유통기한도기네요,
좀 맵긴한대 맛있어요,
늘구매해요맛있어요 근데매워요,
우리신랑의 최애 안주,
좋아요 배송 빠르구요,
좋아요좋아좋아요요웅,
늘 애용하는 중입니다  근데 좀 매워요,
매워요 야채 많이 넣고 여럿이 먹기좋아요,
좋아요  좋아요  좋아요,
매콤하고  그냥 소소햇습 ㄱ ,
기대 안하고 궁금해서 사봤는데 맛있네요,
약간 맵네요 간단한 안줍니다,
신랑이랑 맥주한잔할때 먹는 제품이예요 좋아요,
맛있게 잘 먹을게요,
맛좋아요 조금 덜짜고 양이 많았으면 더 좋겠네요,
매콤하고 맛있어요 ,
포장을 벗기기가 조금 불편스러워 별 하나 마이너스 급할때 반찬 한개 추가 가능해서 좋아요  ,
가격  맛 다 좋다,
제품 좋아요 배송도 빨라요,
아직 먹어보진 안았지만 기대되요,
가끔씩 너무너무 먹고 싶은 날이 생길만큼 맛있습니다  이것저것 집에 있는 채소를 같이 넣어 먹으면 완전 최고 ,
약간 매콤한데 전자랜지 돌려서 안주로먹기 딱입니다,
매콤하니 입맛에 맞네요  조리도 간편하고 좋아요,
술안주로 좋아요 매콤하니 맛있어요,
혼자 간편하게 먹기 좋아요,
양배추추가해서 양념더넣고 먹었엉 ㄷ,
저녁에 출출할때 가볍게 ,
요거 물건이예요   간식으로도 술안주로도 좋아요   전 이거저거 더 넣어서 볶아요  양배추  당면 등등,
맛있어요 늘 사던겁니다,
맛있게 잘 먹었습니다,
한번 먹어보고 맛있어서 쟁여두고 먹고있어요,
볶아먹으면 너무 맛있어요,
맛있어요 간편해서 편해요,
어 괜찮아요    갠찬,
빠른배송 감사합니다,
사본 순대볶음 중에 젤 맛없는듯 해요,
생각보다 순대랑 곱창이 들어있는데 꽤 자극적이라 채소 넣고 볶았더니 맛있네요,
야채 넣어 먹으니 넘 맛있어요,
자주구매하는제품 좋아요,
맛이 있는데  너무 매워요,
기대 이상으로 먹을만했어요  술안주로 좋아요 ㅋㅋ,
밥을 넣어서 볶으면 맛있어요  매우니깐 치즈도 얹으면 더 맛있구요 ,
불금을 집에서 보내면서 간식거리를 많이 구입하게 되네요  순대는 평소에도 좋아하던거라 믿고 샀어요 ,
맛있네요ㅎ 야채 더 넣어 만들어 먹었어요,
많이 매운데 맛있어요 ,
처음 구매하는 제품입니다 맛있으면 좋겠네요,
항상 구입하고 있어요 ,
이마트 쓱배송은 사랑입니다,
좋아서 또 구매했어요,
맛있긴한데 생각보다 맵고 양이 좀 작아요,
늘 구매하는 거예요 맥주인주로 좋아오 ㅋㅋ,
매워요ㅜㅜ 매운 거 잘 못 먹는 사람 입맛입니다  맛은 있어요,
맵긴 한데 생각보다 맛있네요,
매번 구매합니다 좋움,
어찌이런필요한게딱인지,
혼자 순대볶음 먹고싶을때 최고임 ,
잘받았어요 괜찮은거같아요,
생각보다 엄청 매콤해요 양도 꽤 많구요 ㅋ 맛있어요,
한번씩 꼭 먹고 싶어요  매콤한 맛  양념도 넉넉해서 따로 부재료 넣구 먹어요 ,
조금 맵긴하지만 맛있어요,
맛도못봤어요 ㅜㅜ 애들이 맛있다고해요,
딸이 먹고 싶다해서 괜찮아요,
맥주안주로 좋아요  ,
괜찮은것같아요  시키면 비싼데  양도 적당,
간편하게 술안주 좋아요,
맛은 있는데 저한텐 넘 맵더라고요ㅜ,
맛있어서 또 시켜먹을 예정,
기대한것보다 맛있네요 재구매 의사 있어요,
순대랑 곱창이랑 둘 다 먹으려고 샀는데 맛있어요 살짝 매콤해요,
괜찮았어요  떡볶이 소스 만들어서 끓여먹으니 더 맛있음,
자주 쟁여놓고 야식으로,
이거 맛잇는데 ㄱ ㄷㅂ창이 좀 많이 질긴거같기두,
빠르게 잘 받았어요 ,
갑자기 땡길때 좋아요,
안먹어 는대 ㅎㅎ 맛있으면 재주문항게오,
많이 매워요 매운것좋아하신분에게 강추,
먹다보면 점점 매콤하고 괜찮아요  양은 좀 적은데 야식으로는 딱 좋네요,
매웠습니다  이렇게 매운 줄 알았으면 구매 안 했을 거예요 ,
맛있었어요 ㅎㅎ 자주 시켜먹을거같아요  ,
저녁에 출출할때 맥주안주로 찰떡이에요  쟁여먹는제품이네요,
간쳔하니 넘 좋나요,
매콤해서 이것저것 넣어서 같이 볶아먹는데 정말 맛있어서 자주 구매합니다,
매워요매워 담에 다른거,
전자레인지 데우면 끝,
생긱보다 맵고 짠데 야채를 추가하면 맛있을 것 같아요,
맵긴하지만 맛있어서 가끔 밤에 술인주로 좋더라구요,
간단히 순대먹고 싶을때   ,
노브랜드 매운 제품,
맛있어요 좋아요 굿굿,
처음 사봤는데 괜찮네요,
가격대비 괜춘해요 재구매,
항상 애용하고 있어요 그리고,
맛있어요  재구매의사있어요,
술안주로 딱이네요   ,
생각보다 마니 매워요,
자주구매하는 상품입니다,
맛있어요  자주 애용합니다,
매콤해서 잘먹었어요 양은 적어요,
생각보다 매콤해요  한끼 반찬이나 술안주로 좋은 것 같습니다 ,
맛있어요 술안주로 딱,
냄새도 안 나고 맛있어요 ,
야식으로 좋아요  ,
아직 안먹어봤지만 고딩아들이 순대곱창을 좋아해서 간식으로 먹이려고 샀어요  ,
순대 사서 추가로 넣어먹으니 푸짐해지네요,
양이 좀 작은것 같아요 ,
노브랜드순대곱창볶음,
양배추 추가해서 먹어도 매콤하고 맛있습니다,
간변하게먹기조은제품,
좀 맵지만 깻잎에 싸서 먹으니 좋아요   ,
맛있어요 밥한공기 뚝딱임,
매우 만족합니다  굿  ,
반찬으로 곁들어 먹는데 정말 좋네요 양도 적당합니다 ,
빠른배송 감사합니다,
늘 여기서 자주 사는거라 문제없어요   맛있고 좋아요  ,
 인용으로 무난하니 좋아요,
맛있어서 재구매합니다,
생각보다 매콤한 맛이었어요  술안주로 좋으네요,
달아서 많이는 못먹을맛,
어른들 입앗에 딱 아이는 좀 맵다고,
야채를 넣어도 좀 맵네요,
와우 최고최고 앞으로 매일 구비해둘꺼임,
양ㅈ이 너무 작아요ㅠ,
재구매는 안 할 것 같아요,
오랜만에 사먹어봤는데 예전맛 같지 않음,
만족 합니다 감사합니다,
살짝 비릿 양이 너어무적음,
평이 좋아서 구매를 했는데 평만큼은 아니네요,
가끔삽니다  괜찬은것같아요 ,
항상 이용 하는 제품 이예요 좋아요,
순대골라먹고 곱창잘라서 밥비비면 한끼 딱입니다,
신랑이 술안주로 좋아해요,
전자렌에 돌리고나서 맛술넣고 야채랑 들깨가루 등등 넣어서 먹음 맛나요 ,
많이 맵지만 맛있어요,
약간 냄새가 나는데ㅠ 그래도 저렴한가격에 먹을망해여,
매컴해서 맛있네요 간이 좀 세요,
렌지에 돌리기만 하면 매콩하고 든든한 운대볶음이     ,
너무 맛있어요  곱창에서 냄새도 안나고 맵고 양 많아요 안주로 정말 좋습니다 ,
생각보단 덜 맵고 덜 달아요   그저그저,
괜찮네요 전 돼지 냄새가 좀낫는데 신랑은 맛있데여 ㅋㅋ,
요즘에 곱창에 꽂혀서 장보다 이걸 처음 구매하게  어요  생각보다  인이 먹기엔 양이 적고  인 양으론 괜찮을것 같아요  저흰 양배추  깻잎 추가해서 볶아 먹었어요  떡도 좀 넣어 먹을걸 맛있게 먹고 난 후 빈그릇 보면서 아쉬워했다는    재구매 의행있어요  양배추 깻잎 넣었는데도 끝맛의 매운맛은 없어지지 않더라구요 그래도 정말 맛있습니다,
맛은 괜찮은데 꽤 매워요,
좋아요 빨리받아볼수잇네요,
맵네요 양이 점 작아요,
가끔씩 술안주로 구매합니다,
양이 생각보다 적어서 놀랐지만 반찬으로 먹기 좋아요,
신선해서 매번 믿고 주문합니다  렌지이용가능,
너무 만족해서 자주 구매하는 상품입니다,
맛은 있는데 양이 적고 엄청 매워요   다음에 주문하면 야채 추가해서 먹어야 겠어요,
좋아요 좋아요 좋아요,
늘 이용해요  굿굿  좋아요 ,
제 입엔 그냥저냥  보통입니다,
양이  인분이라 두개 샀오요,
곱창볶음이 너무맛있어서 샀는데 그정도는 아니고 먹을만은 함,
누린내는 없었지만 많이 맵네요 ,
푸짐한 맛은 없지만 야채 추가하면 괜찮아요,
가장 마음에 드는 제품,
어느 순간부터 쟁여템 ㅎㅎ 냉장고에 없음 심심함,
무난히 괜찮은 순대곱창 볶음입니다 ,
많이 매워서    매운거 좋아하는 분들을 위한   ,
요거 한번 주문해 먹어봤더니 맛있어요  재주문했어요 ,
감사합니다 잘 먹을게요,
집에서 먹는 곱창이어서 좋고 한끼에 딱 끝낼수 있어 좋아요,
저렴하고 맛있어요   ,
간단하게 먹기 좋았어요,
맛있어요 또살게요 ㅎㅎ,
리뷰가 좋길래 구매해봤는데 이거 집에서 쉽게 해 먹을수 있는 맛있는 야식이예요 양배추 조금 더 넣어서 먹었더니 매콤하고 맛나요,
적당히 매콤하고 곱도 생각보다 많이 들어있는거같아요 ,
이거 괜잖네요  좀 맵지만,
아직 먹어보진 않았어요 아이스팩에 해서 잘 왔습니다,
한두번먹을땐괜찮았는데 이제질림,
주말동안 최소 개는 주문해요  맛있어요 ,
없어서는 안 될 간식입니다 ,
순댁 ㅂ창 음 맛나요 ,
간편하게 최고입니다 ,
맛은 개안은데 짜긴 진짜 짜네요 ㅋ,
먹을만해요  맛있습니다 ,
음 양념은 매콤하고 순대는적당히 곱창은 조금ㅋ 집에있는 야채와 볶아먹었어요ㅋ,
판매자님 잘 받았습니다,
재주문했어요  적당히 매콤하고 냄새도 안나서 먹기좋아요,
보통 먹는 순대볶음 양념이랑 살짝 달라서 제 취향은 아니었어요  가족은 맛있데요,
밥도둑입니다   간편하게 먹기 좋고 맛나요 ,
노브랜드 제품이 맛도 괜찮은 것 같아 주문해봤어요,
맛있네요 떡  쫄면 넣고 양념 더해서 잘먹고 밥까지 볶았네요,
배송빠르고 너무 좋아요 ㅎㅎ,
괜찮아요  감사합니다,
맛있어서 계속 시켜먹고 있어요,
맵찔이에겐 조금매콤하지만 간편하고 맛도좋고,
동생한테 추천받고 주문했어요  맛있어서 재주문했구요  양은 혼자먹기 좋아요,
아이들이 맛있게 잘 먹어요,
가성비 너무 좋구 자주 구매하는 상품이에요 맛있어요  ,
간편하게 먹기에 괜찮아요 ,
둘이먹으려고 노브랜드 순대도 같이 샀어요  야채랑 순대 더 넣고 깻잎까지 넣고 굴소스 조금더 넣고 볶으니 맛나네요  곱창도 냄새 없고 배달한것 처럼 맛있게 먹었어요  또 주문할거에요,
넘 맛있어요 매콤해요,
먹기 편리하네요    ,
두번째 구입이에요  좀 짠거빼고는 맛나고 좋아요,
재구매합니다 맛나요,
별로 매워보이지않은데 생각보다 꽤 매워서 먹기 힘들었습니다  매운걸 좋아하는 사람은 괜찮을 정도입니다  맛은 있었는데 곱창이 좀 질겨서 아쉬웠습니다 ,
생각보다 엄청 괜찮아요 양도 많은편이라 혼자 맥주에 야식으로 딱이었어오 깻잎사서 싸먹는거 추천,
맛있어요ㅎㅎ 혼자 술안주 용으로 딱    ,
간단한 안주로 굿이에여  ,
간단한 안주로 최고에요   ,
조금 짜요 맛으있어요,
맛있어요 약간매콤하만 야채넣고 볶으미 맛나요,
쓱배송 감사합니다 ,
생각보다 맵고 맛도 그닥이예요ㅠ,
오    이거 해주니 안주로 인기가 좋아요  맛있대요  ,
약간 매워요 맛있는데 맵네요,
잘 받았습니다 보여지는 이미지와 같습니다,
양이 좀 작아 아쉬웠어요,
맛있어요  캣잎넣고 들깨넣고 좀 더 볶으면 맛나요,
좋아요 좋아요 좋아요,
너무 맛있어요 ㅎㅎ,
 번 사먹은 순대곱창ㅎ매콤해서 더 손이 가요  ,
순대곱창볶음    g이라 혼자 먹었어요,
간단하게 먹을수 있어서 좋아여,
안주로 좋긴한데 좀 인공적,
생각보다 많이 매웠어요 순대  개먹고 입에서 불이 났어요 순대보다 곱창이 더 맛있었어요 순대는 좀 향이 나요,
생각보다 무난했어요 ㅋㅋ,
둘째며느리아기가좋아해서 구매해줘요   ,
내내 찰순대만 사먹다가 요제품 발견   맛있겠죠   기대합니다,
유통기한도 좋고 물건도 좋아요,
좋아쇼항사 구매해오,
신선해요 날자도 길고 또 주문할거에요,
맛있어서 다음에 또 구매할꺼에요,
너무 매워요  맵고 달고 넘 자극적이예요 ,
야채 같이 볶아 먹으니 좋네요,
간이 좀 센데 먹을만해요,
만족스러워요    ,
넘 맛있어서 자주 구매합니다,
늘구매하는 제품이예요,
깻잎썰어넣고볶아먹으면맛나요,
순대곱창 처음 사먹었을때 순하고 안매워서 구입했는데 제조과정이 바뀐건지 매워졌어요 ,
간편해요 맛도 좋아요 혼자먹기 딱이예요,
가성비 최고 근데 포장이 잘 안뜯어져요 ㅠ,
상품평보고 혹시나하고 구매했는데 너무 맛있어서 자주 사먹어요,
가족이먹었는데 맵고맛없다햇어요,
이거 생각보다 괜찮아요,
넘 매워요     ㅠㅠ매운거 좋아하시는분은 추천 ,
너어무 매워요 ㅠㅠ,
많이 매워요  ㅜㅜ,
매콤하니 맛있었어요,
집주변에 파는곳이 마땅찮아 주문해봤는데 혼자 먹기 적당한 양이나 좀 적게 느껴지기도 했어요 야채 좀 추가해서 먹었는데 양념은 쏘쏘했고 순대나 곱창은 냄새심하지 않고 괜찮았어요 아주 가끔 시켜먹응듯뇨,
매워요 맛있어요  맥주와 굿,
제 입맛에는 맛있었어요,
소면이랑먹으면한끼식사로도굿,
배송 빠르고 좋아요 잘 받았습니다,
당면이랑 양배추 추가해서 먹으면 간단하게 먹을수 있어요,
맛있어요 신선해요 굳굳,
매워요 근ㄷ 맛있어요,
양은 적지만 맛나요  양이 많았으면ㅜㅜ,
빠른배송 감사합니다,
곱창이 질기긴한데 양념이 맛있어요,
맛있어서 자주 구매,
간편하고 괜찮아요  ,
배송도 빠르고 좋습니다  ,
이건 정말 없어서는 안될 제품이예요 ,
노브랜드 제품 굿입니다 ,
꽤 좋은 상품이에요 ,
배송이 아주 빠르고 좋아요,
항상 구매하는 제품입니다  좋아요   ,
양배추랑 같이 프라이팬에 볶아도 좋아요,
안먹어봤지만 평이좋아서 기대되네요 ,
별로예요 다른게 더남,
빠르게 배송되었습니다,
야식으로 최고에요 ,
금방 전자레인지에 데워 먹기 편하고 맛있음,
그냥그랬어요  양도 맛도  ,
고추장 맛이 너무 강하고 깔끔하게 매운 맛이 아닌것 같아요,
빠르고 정확한 배송 감사합니다,
맛은 괜찮은데 양이  인분인데 가격은 좀 있네요,
많이 맵고 짭니다 ,
항상 주문하는 물품입니다  너무 조아요  다 쓰고나면 또 주문할게요 슥배송 너무간편하고편리해요 조아요조아요,
저렴하게 잘 샀어요ㅎ,
자주 구매 상품 good    ,
감사합니다 수고하세요,
조금 매워요   맛있어요,
저는 냄새나서 못먹고 버렸네요,
항상 구매하는 겁니다  좋아요 ,
시간에 구애받지 않고 언제든지 먹을 수 있어서 좋아요 자극적이고 짜요 ㅎㅎㅎ 양배추랑 볶아 먹으니 딱 좋네요,
매콤하고 양도 꽤되고 냄새안나고 간단히 맥주안주하기 좋네요 후기 좋아 구매했는데 만족합니다,
약간 맵지만 맛있네요,
먹지마세요 후회합니다,
양도 많고 맛도 좋아요,
만족해요 가격대비 좋음,
소스가 넉넉한 편이라 순대 야채추가해서 볶아도 맛있어요,
순대볶음이 가끔 땡길때 먹기 좋을 것 같아요,
예상대로 맛있습니다 ,
항상 구매해요 좋아요,
간단하게 한번 먹기 딱 좋아요,
야채추가하여 볶으니 정말 맛있네요  재구매했네요,
맵기도하고 좀 질척거리기도 하네요,
매콤하니 먹을만해요,
good good good,
음   곱창이 좀    별로였어요  포장은 압축포장처럼 되어있고 맛도 그저 그렇습니다 ,
진짜 매콤하네요,
좋아요  재구매의사 있어요 ,
맛있는데 가격에 비해 양이 적은 것이 흠 ,
이번에는 살짝 냄새가 났어요  원래는 맛있게 먹었는데 ㅠㅠ,
미니알비백 준다고해서 일부러 안사도되는걸 더 주문해서  만원이상 시킨건데     미니알비백이 없네요,
깻잎이 없어서 조금 아쉽지만  그럭저럭 괜찮아여 ,
후기보고 샀는데 그냥 먹을만  호기심으로 한번먹어볼만 했어요,
와 진짜 맛없네요 이게 뭐가 맛잇다는건지,
적당히 매콤한 맛에 양도 적당하고 맛있어서 재구매했어요,
매워요ㅎ 단맛은 많이 없어서 양파넣고 깻잎더넣고 물좀 더넣고서 볶아먹었어요,
몇번을 구입해서 먹었는지 모르겠네요  양파  깻잎 등을 추가해서 먹으니까  인용으로 맛있게 먹기에 딱 좋습니다 ,
맛있었는데  살짝 매웠습니다,
궁금해서 구매 사용전입니다,
좋은 가격 좋은품질 맘에 들어요,
은근맛잇네요  순대가 곱창보다 더 나은듯,
완젼맛있어요 가격대비  곱창두마니들어가있구    아들두 간식으로 잘먹어요    ,
내가 사랑하는 순대곱창볶음,
가격도 싸고 자주 구매하게 되네요 ,
항상 구매하는 제품 맛있어요 ,
먹기 간편하고 맛도 괜찮아요  가격 대비 좋습니다 ,
순대는 괜찮은데 곱창이 좀   ㅠ,
맥주안주로 늘 구비합니다,
자 주 이 용 합 니 다  ,
한번 먹기좋게 적은양이고 순대까지 어우러져 더맛나요,
자가격리 하는데 순대 곱창이 너무 땡겨서 시켜봤어요 ㅎㅎ 대만족입니다 ㅎㅎ,
맵긴 한데 맛있었어요 ,
배송도 빠르고 맛있어요,
그럭저럭 괜찮은것 같음,
맛있어요  맛있어요 ,
너무 맛나요   자주 구매하는 상품,
생각보다 너무 괜찮아서 재구매하려구요 야식으로 딱입니다,
항상 애용하고 있어요,
가성비 대비 만족합니다 ,
아주아주 좋습니다,
평이 좋아서 샀어요 ,
맛이 조금씩 달라지는 거 같긴 한데 여전히 곱창이 많아서 좋음,
전에 한번 먹어보고 맛있어서 재구매해요,
좋아요 좋아요 좋아요,
매콤해서 추가로 순대더사고 우동사리넣고먹어요 ,
맛있다는 리뷰를 보고 샀는데 맵기만하네요  곱창과 순대의 양도 일인분이라고 하기에는 적은 양인듯 합니다 ,
남은 순대랑 같이 요리,
배송시킬때마다 매 번 주문하게되는   매콤하고 양도 좋아요 ,
맛 좋고 배송도 빠르며 내용물도 풍성해서 가성비가 좋네요  ,
원하는 시간대에 받을 수 있고 할인도 받아서 좋아요,
빠른 배송 만족합니다 ,
매콤하고 좋아요 술 안주용,
양도 꽤 되고 엄청 맛있어요 종종 먹으려고요,
양이 좀 작아요 야채추가해서 먹으니 굿,
야식  안주  간식으로 딱이에요 양도 꽤 있는 편이고  이거 먹고 나서부터는 야식집에 순대곱창볶음 안시키게 되요,
편해요 늘시켜요 조아요,
두번째 구매인데 역시 맛나요 ,
맛잇어요 전자렌지에 돌려편하게 먹엇어요,
내용물이 아주 실하고 잡내도 없고 맛도 좋아요  일단 잡내가 진짜 확실히 없다는거에 너무 휼륭합니다  다만 매운맛을 원하고 좋아하신다면 개인적으로 청양 고추등 매운맛을 더해야 합니다  제품 자체로도 맛은 있지만 매운맛을 상당히 약해서 아쉬움이 있습니다,
두번째 구매 계속 품절이라 못샀는데 간단히 안주하기 좋아요,
가끔 생각날때 먹으면 괜찮은거 같아요  구매해 놓고 생각날때 꺼내 놓는 식량중 하나입니다,
아직 먹어보기 전이라,
생각보다 맛있구 괜잖아요,
맛있어요  매콤하고 간편조리가 무엇보다 맘에 들어요 ,
그냥 순대가 더 맛있네요,
먹을만해요 근데 좀 매워요,
아직 먹기전인데 후기보니    맛있겠죠,
배달보자마자 먹었는데 진짜 맛있어요  ,
맛있어요 재구매의사있어요,
음식점 가기 귀찮을때 먹을 수 잇는 jmt,
생각보다 매콤하네요 맛은 쏘쏘하네요,
애가 맛있었대요 전자렌지 조리라 편해요,
양은 딱  인분입니다  근데 맛있어요,
무난해요 ㅋㅋㅋ 매콤하니 좋아욤,
항상 애용하는 제품입니다,
간편술안주로 좋을듯,
빠른 배송으로 물건 잘 받았습니다,
좋습니다 아주 만족합니다,
오랜만에 먹으니 맛있어요,
제가 종종 사먹어요  식감도 쫄깃하고 냄새도 안나서 술안주오 좋아요,
자꾸 자꾸 주문하게 되네요 저렴하고 맛도 양도 좋아요 ,
술안주나 밥반찬으로도 좋아요,
항상 애용하는 제품이예요 ,
안녕하세요 잘받았습니다,
되게 맛낫어용    ,
가격대비 마음에 들어요  소스도 넉넉해서 야채랑 떡사리 같은거 같이 넣어서 먹었더니 넘 맛있네요  앞으로 자주 사먹을 것 같아요 ,
술안주로 최고입니다 ,
가성비 좋은 제품이에요,
깻잎추가해서먹으니맛있어요,
이건   포장방법이변경되었으면  하는 싶은 먹을만해요 술안주 ,
소스가 약하지만 그래도 맛나요,
냉동실에 항상 구비해둡니다 ,
매워요 땀날 정도로 매워요 술을 계속 부르는 맛이에요 ㅋㅋ,
이거는 진짜 맛나용 자주삽니다,
많이 매웠어요   ,
순대곱창 맛나다 굿,
순대곱창 냄새 안나고 맛남,
감사합니다  잘받았습니다  ,
야식으로 굳굳 좋습니다,
좋아요 괜찮아요   굿 ,
순대곱창 매콤해요  ,
 인분인데 양도 많고 괜찮네요  전자렌지에 데워 먹을수 있어서 간편해요 ,
전자레인지에 돌려도 되는 제품,
언제나 간편하게 맛있어요,
육퇴 후 맛있게 먹어요  늘 쟁여두는 상품이에요,
그럭저럭   평범함,
가격대비 좋은데 꽤 매워요 ,
좀 많이 맵네요  오래 데워야 부드러워요 ,
상품평이 좋아서 샀어요 양은 진짜 딱 인분이에요 전자렌지 안돌리고 후라이팬에 야채랑 넣고 볶아먹었어요 전 쫌 맵더라고요 그래도 생각보다 잡내도 안나구 괜찮았어요,
대박  타사브랜드꺼먹고  냄새나  역쉬 간편용요리아니구나  했는데   혹시나 해서 상품평너 무좋길래 먹었는데  헉  왠걸 진짜대 박   혼술안주로딱  냄새안나고 살짝매콤 하니 쟁이러갑니다  ,
생각보다 매워요  맛은 그냥 그냥   그래도 레토르트 제품중엔 제일 나았어요  특히 순대보다 곱창이 괜찮았어요 ,
양이 생각보다 적은데 맛있네요,
데워서 순대골라먹고 남은 곱창과 양념으로 밥볶아먹으면 한끼 딱이에요,
맛있어요  담에또 시킬께요,
맛있는데 누린내 있네요,
맛있는데너무매워요그래도젓가락을놓을수없네요,
항상 애용하고 있어요,
양은적은데 맛있어요,
쏘쏘  야채 넣고 볶으니 한끼 식사가 되네요,
간단히 맥주안주로 딱,
잘 받았습니다  조금 매울거라는 후기와 달리 꽤 매웠어요ㅠㅠ,
세일해서 사봤어요   ,
어처이디너처리다둥티,
너무 맛있어요 양이작지만 자주 먹어요,
맛있다는 리뷰보고 구매했는데 생각보다 별루였어요,
배송도 빠르고 포장도 깔끔하고 좋으네요,
만족스럽습니다 감사합니다,
돼지냄새 안나고 맛있게 잘먹었습니다 ,
잘먹겠어요 맛있어요,
좀 느끼하고 그다지 맛있다는 느낌이 없습니다  저녁식사 때 반찬으로 먹었는데  남길만큼 맛이 없었어요 ,
양이 좀 적기는 하지만 양배추 엄청 넣고 곱창을 좀 더 작게 잘라서 먹으면  인분도 가능하다고봄   맛있어요 매콤해요,
생각보다더매콤매콤하네요,
리뷰가 좋아서 구매해봤어요 맛이궁금하네요,
맛은 있는데 양이 적어 조금 아쉬워요,
양파랑 깻잎추가해서 먹었어요 걍 먹고싶은데 안팔때 먹어볼만합니다  양은 적구요 ,
싸게 잘구매했어요 좋아요,
간식으로 맛있어요  ,
리뷰가좋아서 삿는데    제입맛에는 영 아니네요ㅜ 좀많이짜여ㅜㅠ,
양 많고 양배추  깻잎과 같이 먹기 좋아요,
엄청 맛있어요 추천합니다,
맛은 쏘쏘합니다  인용이네요,
잡내하나도안나요 저혼자먹으려고산건데 애들이 다먹구 하나도 못먹었네요,
상품평이 좋아 주문했는데 맛나요    ,
가성비좋고 맛도좋아 자주먹는,
맛있어요  재구매 go ,
노브랜드는 정말 사랑입니다  저는 순대곱창볶음에 야채도 추가 하고 해서 다시 후라이팬에 볶아먹었는데요 이거 배달시켜먹는거 저리 가라 입니다 ㅋㅋ맛있어요,
곱창이 제법 들어있다능,
생각보다 매워요 ,
먹고싶었는데   싼가격에득템  ,
늘 먹는거예요  저렴하고 맛있어요 ,
맛있어요 잘먹었어요,
 분양으로 적당하고 맛있어요 양파랑 당면은 따로 더 넣어먹었어요,
진짜 맛있어요  양도 넉넉하구요,
맥주안주로 자주 구매해요,
매꼼하니 딱 입맛없을때 입맛당기게 하는 맛이네요,
배송빠르고 너무 좋아요 ㅎㅎ,
좋아요 노부랜두   ,
그냥저냥 싼맛에 먹을만해요,
양념이 매콤해서 깻잎이랑 양배추 넣어 먹으니 좀 낫네요   맛있어요  매운거빼면  ,
자주 시켜 먹고 있어요 가성비 정말 좋습니다,
자주 구입하는 상품이에요 ,
잘 받았습니다   ,
맛있긴한데 진짜 좀 많이 매웠어요   그리고 당면 넣어먹으니까 싱거워요,
항상 먹고있어요  맛있습니다,
싸게 잘 샀어요   ,
맛나요  캠가서 잘해먹었어요,
빠른배송 친절한 안 내 감사합니다 ,
후기 만큼 맛이 나네요,
가격 품질 모두 좋아요,
지난 번에 사먹고 또 구매합니다  매운 거 땡길 때 먹을 생각임다 ㅎ,
요즘 퀄리티가 좀 더 좋아진 거 같음,
매콤하니 종종 생각나면 사먹어야겠어요,
먹을만해요  다음에 또 사야지,
제 입맛에는 짜고 매워요 그래서 치즈 올려 먹어요,
먹다보면 매운데 자꾸 손이가요 성인 남자면 딱  인분이네요,
맛있는데 생각보다 매콤했어요  술안주로 딱이에요ㅎㅎ,
순대땡길때 괜출합니다,
좀 매워서 먹기 힘드네요,
추천받아 샀는데 냄새도 안나고 맛있네요 살짝 맵긴한데 그맛으로 먹는거라 한입먹고 헥헥거리며 맥주로 입가심했어요    매운거 못먹는  인 ,
자주 구매하는 상품입니다 깔끔한 포장과 매콤하게 맛있어서 추천합니다,
매운데 맛이 있어요,
진짜맛나요  양은 적지만 진짜 갑 이네요  냄새도 안나고 담에 또 구매 할거에요,
그럭저럭 먹을만해요,
구럭저럭이네여 ㅋㅋ캬,
냉장보관을  모르고 냉동했는데 해동 후 먹으니 맛좋았어요,
많이많이 매워요  나중에 볶음밥까지 하면 괜찮아요,
혼술할 때 조아요  양도 좋구 맛도 좋구  ,
순대곱창 너무 먹고 싶어서 샀어요 맛있게 먹었습니당,
배송도 빠르고 좋습니다 ,
상품평이 좋아서 구매해 봤어요 ,
완제품이라 먹기 간편하고 가격도 저렴해서 좋아요  ,
문제없이 잘 받았습니다  비닐 벗겨내기가 어렵네요,
항상 구매하는 제품이에요,
좋아요 자주 사요  ,
양은 적어도 맛있어요 ,
맛있어요 잘샀어요 잘먹을게요,
항상 잘먹어요 양도 적어서 적당해요,
만족합니다만족합니다,
그냥저녕 괜찮았어요,
맛있어요 자주먹어요  ,
매운데 괜찮아요 맛굿굿,
비싸서 한번 구매로 끝,
빠른배송 합리적 가격 맛 모두 만족합니다,
냄새안나고 좋아요 제거 좋아하는 식삼과맛이라 구매해요,
맛있네요  인분 한번 먹기 딱 좋음,
맛잇는데 생각보다 매워서   한번 먹어본거에 만족해요,
가성비 좋아요  생각보다 맛있음 ,
맛있는 점심 드세요 맛 보라 맛있는 음식 먹고 싶은 건 많은데 시간이 없다 진짜 너무 좋다 ,
이거 맛있음   집에서 급히 먹고싶으신분들 먹으세용,
아하 그렇군요전그냥스텐이랑,
넘넘 맛있게 먹었습니다  생각보다 매워서 소면이랑 같이 먹으니 또 맛있었고 술을 부릅니다   자주 이용할 거 같아요,
생각보다 양이 적어 야채 추가했어요  맛은 있어요,
가성비 좋은 보증된 맛 간단히 먹을 수 있어 좋아요 약간 매워요,
은근히 매콤하네요잉  소면 비벼먹었는데 구뜨 ,
생각보다 매움 맛잇어요,
칼칼하고 맛은 괜찮아요,
간편하고 좋아요 양이 좀 아쉽네요,
맛있었어요 재구매원해요,
마니 매워요 매운것 좋아하시면 강추 ,
아직 먹업 지않았지만 후기가좋아요 ,
아직 안먹어봤지만 야채 듬뿍 넣고 먹어봐야겠어요,
저렴한 가격에 잘 샀어여,
진쯔 맛있게 편하게 먹었어요,
맛있긴한데 양이 좀 적어요,
재구매 의사 있어요  좋아요,
첫구매입니다  맛있으면 또 주문할께요 ,
노브랜드 볶음 매운데 좋아요,
좋아요 자주구매해요ㅎㅎ,
너무 맛이쓴데 요즘 동네 이마트에서 안보이네요ㅜ 쓱배송도 안되고,
별로네요 따로야채넣거나 하면 쏘쏘,
맵기만 맵고 그렇게 맛있지는 않았어요,
남편이 좋아해서 종종 구입해먹어요  제가 먹기에는 매운데 남편은 그리 매워하지 않네요ㅋㅋ,
양이 넘 적어요 맛은 좋아요,
재구매 할 의향 있어요,
호기심에 구매했는데 딸이 너무 맛있다고 하여 재구매 했습니다 제 입맛에도,
맛있고 간편해요  ,
이거 없으면 큰일나요 ㅋㅋㅋ 야식 간단한거 땡길때 최고 ,
깻잎넣고 먹으면 안주로 좋아요,
자주먹는제품이예요 좋아요,
순대볶음 좋아해서 사다 먹기도 하고 해먹기도 하는데    설명은 어려운데 가격  양  맛이 저한텐 먼가 조금씩 아쉬운 그런 느낌적인 느낌이에요 ㅎ,
저렴한 가격에 잘 구매하였습니다,
처음 시켜봤는데 맛있었어요,
무난해요  양이 적네요 ,
냉장고속 야채 넣어서 깻잎 추가해 먹으니 맛있네요  단 양이 너무 작아요,
순대랑 곱창 냄새만안나면 좋겟 니다,
가격도 싸고 좋아요 전 양배추더넣어서 해먹었어요,
이거 물건ㅇ에요 진짜 굿,
늘먹는제품 아이와먹을땐 찹쌀순대와 우동사리넣고 양념비비면 덜매워요 ,
간편하고 맛있써요   ,
매콤하고 들어있는 부속재료들도 많아서 맛있게 먹었습니다,
너무잘먹고있어요  ,
항상 사던 제품 만족합니다    ,
생각보다 매워요 맛은 있네요,
양이 좀 적은게 흠,
아직 먹기 전이지만 기대해 봅니다 구매평 믿어요,
자주 구매하는 상품입니다 ,
늘 애용하는 제품입니다,
별미로 한끼 먹긴 괜찮아요  ,
믿고 주문해요  맛있어요,
적당히 매콤하고 좋습니다 ,
냄새 안나고 혼자 먹기 딱이에요 ,
이건 그냥 그래요 호불호,
추천하지않습니다 기존에 먹던 순대볶음이 품절이라 주문했는데 별로네요 양은 적지않습니다,
항상 구매하는 제품입니다,
순대가적어요 맛있습니다,
정말 간단하게 막을수있는 순대복음,
맛도있고 가성비 좋은 순대볶음,
순대곱창 술안주로 좋아요,
역쉬 순대곱창볶음 좋아해요,
늘 애용하는 제품이예요,
양은 적으나 맛나요,
남편 한번먹고 곱창집서 주문 안해요,
남편이 한번먹고 반해서 연속 세번째구매했어요,
전기불판에 고기구워먹으며 구워먹었는데 맛있어요,
기대안햇는데맛있네요 매워요,
항상 좋은재료   b,
적극추천합니다 배송도 빠르고 가격도 저렴하고 품질도 좋아요 적극추천합니다 배송도 빠르고 가격도 저렴하고 품질도 좋아요 매우 좋아요 적극추천합니다 배송도 빠르고 가격도 저렴하고 품질도 좋아요 아주 좋아요 적극추천합니다 배송도 빠르고 가격도 저렴하고 품질도 좋아요 꼭 사용하세요 적극추천합니다 배송도 빠르고 가격도 저렴하고 품질도 좋아요 적극추천합니다,
음 그냥 딱 상상하던  기대하던정도 의 맛이었던,
순대곱창 맛이 좋아요 ,
괜찮아용 그대 냄색 나요ㅜㅜ,
저렴하게 구입했어요 감사합니다,
저렴하게 양패추랑 볶아먹으면 진짜 맛있어요,
저렴하게 잘 샀어요  맛나요  ,
순대  곱창  양념  편리성 모두 만족  ,
맛있어요 진심  안에 야채도 충분히있어서 간편하면서도 만족스럽게 먹을만해요,
해먹기 매우 간편해요,
맛있어요 담에또살께요,
이햐  이게 있는지 몰랐네  존맛 ㅋ,
항상 구매하는 생활 필수품,
먹을만해요 밥이랑 그냥먹으면짬,
맛있어요 맛있게 먹었습니다,
매운거 좋아라 해서 딱이네요,
리뷰 좋아서 저렴하게 잘 샀어요,
좋아요  늘 구매하는,
맛있어요 야식용으로,
노브랜드순대곱창좋아요,
진짜 최고입니다 가격도 좋고 맛있어요,
이마트 항상 애용 합니다 ,
좋은 제품  빠른 배송에 만족합니다 ,
맛있네요  매콤하면서,
양념이 맛있고 채소 추가해서 먹음 더 맛있어요,
야채 털어넣고 볶아먹음 매콤하고맛있어요 쬐끔만 덜 달았음좋겠음,
가끔 안주찾을때 쓰는데 양은 좀 작은편이에요  급할때 가끔쓰는  ,
감사합니다감사합니다,
맛있고 매워요 그치만 양이 정말 적어서 이 가격대에 메리트가 있는지는 잘 모르겠어요,
양이적은편인데 추가함좋음,
맛있어여 양념이 풍부해서 이것저것 넣고 드세요  ,
그럭저럭 먹을만 했는데   용기가 열기 너무 불편해요 ,
가성비 좋은 제품이에요 ,
먹을때는 괜찮았는데 두번은 잘 안사게 되네여 ,
안주로 간단하게 먹기 좋아요,
괜찮네요 맛있게 먹었어요,
좋아요 잘 받았습니다,
매콤하니 맛있어요 ,
양념 맛이 깔끔하진 않아요,
상품 잘 받았습니다  좋아요 ,
상당히 매운 맛이에요,
진짜 혼술안주 집콕안주 절대강자,
아이들이 너무 좋아해서 또 주문해 자 알 먹었습니다 ,
은근 매워요  술안주로 딱이에요,
ㅊㅓ음에 좋 는데 나무 질겨서 걍 안 사려고요   벙 사긴  음,
제 입맛엔 안 맘는것같아요 재주문은 안할것 같아요,
오  괜찮네요ㅎㅎ 좀 매워요,
간편하게 먹기 좋아요,
맛있고 매콤해서 좋아요 ,
쓱배송은 늘 빠르고 편하고 좋아요  ,
매콤하고 가성비좋고 순대더넣어 볶아도 넉넉한양념,
혼자 한잔하기 적당해요,
강력 추천    너무나 맛있습니다 한번 드셔보길 추천드려요,
가격대비 양 많아요 물을좀넣고하면 순대가 부드러워요,
좋은 제품 좋은 가격 맘에 들어요,
좀 맵습니다 여러분  ,
마음에 들어요  좋아요,
살짝 매콤하지만 맛있어요  곱창 크기도 크고 양도 꽤 많아요 ,
자주구매해요 좋습니다,
평이 좋아서 구매했어요,
양념이 좀 찐떡거리는편입니다ㅡ맛은 그럭저럭,
양이 적지만 맛있어요  많이 매워요,
꺅  넘 맛있네요  기대 이상의 맛을 보여주는   누리내도 없고 없고 정말 재구매 합니다 ,
싸고 양많고 맛좋아요 ,
한번시키구나서  맛잇어서 계속 시키게됨  ,
 천원보다 비쌌으면 욕할 맛  그나마  천원이라 먹을만하다고 생각,
맛있고 저렴해서 자주 구매합니다 ㅎ,
순대곱창 먹고싶어서,
매번이용하는 쓱배송  최고에요,
나는 이게 너무나 맛있더랑  ,
양념이 넘 맛있고 순대곱창도 실하게 들었네용,
재구매하지는 않을 것 같습니다,
그냥 먹을만 하네요,
늘 사서 먹는거예요 맛있습니다 ,
리뷰가 좋아 사먹어봤는데 다른브랜드 못지 않게 너무 맛있네요  또 구매하려고요 ,
나름먹을만해요   ,
가격대비 푸짐하고 맛나요,
질받았습니다 감사합니다,
첫구매인데 기대됩니다 ,
매워서 속이 저릿ㅠ곱창이 약간 쓴맛났어요,
저번에 먹고 너뮤맛있어서 또 샀아요  여러개 사서 냉동실에 얼려두고 야식 땡길때나 입맛없을때 먹음 대존맛    매콤해서 더 좋아요  예민보스인데 잡내  도 안남,
순대는 매장에서 사먹는 맛입니다  곱창은 좀 질깁니다  하지만 가격대비 괜찮습니다  혼자 한 끼 정도 먹기에는 괜찮은 정도입니다 ,
양배추랑 깻순 잔뜩 넣어먹었는데 그래도 울가족에겐 매웠어요 하지만 맛있게 맵고 곱창이 냄새가 안 나더라고요,
순대 곱창 모두 맛있어욤  ,
생가곱다 맛나요 근대 양이 좀 적네요,
맛있게 잘먹었어요   ,
자주 애용하는 제품이에요,
맥주 안주로는 그만,
한번 사봤다가 맛있어서 또 구매해요,
가격대비 양도 괜찮고 맛있습니다,
그만 날짜를 놓쳐서 버렸어요 ㅜㅜ,
야식으로 맛있게 먹었어요,
양은 적지만 맛있어요,
좀 맵긴 하지만 맛있어요,
기대 안하고 먹엇는데 jmt,
자주 애용하는 상품이에요 그냥저냥 먹을만해요,
와 야채 당면 추가하면 더 완벽해져요    일단 양념이 적당히 맵고 넘 맛있어요 ㅠㅠㅠㅠ 순대랑 곱창도 쫄깃하고 최고네요   ,
전자렌지에 돌려서 간단히 먹기좋네요  양은 딱 한 번 먹을 양이에요 ,
진짜 맛있어요 이런 안주류 중에서 최고인듯 매콤하니 스트레스 풀려요,
좋은 가격에 잘 구매했어요  배송도 빨라서 좋아요 ,
곱창보다는 순대랑 야채가 더 많아요,
늘 먹지만 맛이 정말좋아요,
간편하게 먹을수 있어서 너무 좋았어요,
잘 받았습니다 맛있어요 좋아요 ,
와   언니한테시켜줬는데 마싯다고 더시켜달라하네요  후기적고나서 더시킬예정,
저렴하게 잘 구매했어요,
노브랜드 순대 곱창 볶음 ,
간편하고 빠르게 먹기 좋아요,
간편해서 좋아요  가성비굿,
깻잎이랑 같이 먹으면 최고 ,
깻잎이랑 같이 먹으니 꿀맛,
곱창도 맛있고 냄새도 안나서 좋아요,
맛잇어요 맵고 냄새없고 쟁여둡니다,
진짜가성비짱 맛도짱,
잘받았습니다  감사합니다 ,
매운 걸 좋아해서 잘 먹었어요 ,
가격도 저렴하고 맛나고 좋아요,
이거 너무 맛있어요 소스가 술을 부르는 맛입니다,
매콤하니 야식으로 잘 먹었어요   ,
간편하게 먹기도 좋고 곱창도 순대도 냄새가 안나요  근데 좀 짜요,
양배추랑 깻잎넣고 먹으니 맛나요,
배송이 빨라 좋아요  수고하셨습니다 ,
우연히 먹어보곤 쟁여넣고 먹습니다  냄새도 없고 양도 많은편  야채나 면  떡사리 추가해 먹으면 음식점 부럽지 않습니다,
맛 괜찮아서 자주 구매해서 먹고있습니다,
집안의 누군가가 마트에서 처음 사왔을 때는 이게 뭐냐고 했는데 막상 먹어보니 잡냄새도 안나고 생각보다 맛도 있어서 깜짝 놀았어요  처음에 먹고 다음날 다시 사서 또 먹고 간단히 집에서 먹기 굿 ,
순대 추가해서 볶으면 좋아요,
맛있어요   간단하게 먹기좋네요,
야채같이 넣고 볶아먹으면 좋아요 근데 많이 매워요,
오오 이거 맛나던데,
가성비 좋고 맛도 먹을만해요,
나 오늘진짜멋있었어요,
양이 적은느낌 ㅁ양이 더 많았으면 좋겟어요,
깻잎이랑 넣어먹으면 더 맛있어요,
와 이거 별점   개 ㅋㅋ 혼자먹기 딱 적당하고 진짜 맛있음 ㅋ   가격대비 훌륭,
가성비 짱  냄새안나고 맛낭 ㄷ,
평이 좋아서 샀는데 만족해요 간단히 안주로 먹기 강추요 ,
잘 받았어요  맛있어요  굿,
매운데 양도 적당하고 맛도 괜찮아 또 주문하려니 품절 ,
음청 매워요  근데 맛있어요  야채 다 넣어서 먹음 좋아요,
좋은 제품 빠른 배송에 감사드려요,
많이 맵네요  양배추 넣고 볶아 먹었어요 ,
가격 대비 배송도 빠르고 좋아요 강추입니다,
아직먹어보진않았고 오늘 먹을거에요,
좋아요 맛있게 잘 먹었습니다,
저는 만족하고 먹었습니다 순대 더 사서 섞어먹었어요 매워요,
늘 구매하는 상품입니다,
냄새는 별로 안 나는데 좀 매워요 ,
채소 이것저것 넣고 한끼 해결,
이거슨 완벽한 술안주입니다 ㅋ 소스 맛이 입맛애 잘 맞아서 찜해뒀습니다,
항상 구매하는 제품이에요,
맛있어요 또 주문할듯,
아직 안먹어봤는데 맛있을것같아요ㅋㅋ,
많이 매콤하네요 후라이팬에 넣고 양배추 추가해서 볶아 먹었어요 냄새 안나고 맛있어요 맥주 안주로 딱입니다,
냄새도 언나고 맛있어요,
집술용으로 딱입니다ㅋ,
조금느끼하지만 맛나요,
가성비 좋습니다  품질도 좋구요 쓱닷컴 흥하세요 ,
야채 추가로 넣어서 잘 먹었어요 파는거 같고 맛있음  ,
너무 적은 양에 놀람,
저한테는 매워요 먹을만해요,
가격대비 맛있고 좋아요  ,
맛있어요  야채 좀 더 넣어서 해먹으니 더 맛있네요,
순대곱창 생각보다 양도많아요,
맛있어요 좋아하는 제품입니다,
처음구매인데 간편하게 먹기좋네요,
맛있어요 근데 곱창이 좀 질겨요 ,
항상 구매하는 제품이에요 좋아용,
집에 전자렌지 안키워서 살짝 물에 데웠다가 불에 조리햇네요 맛은 먹을만 햇어요 혼자 맥주 하면서 먹었는데 적당 매콤하고 곱창이 씹혀서 좋앗어요,
전보다 맛이없어진듯해서 아쉬웠네요  ,
양이 넘 작아 순대를 사다가 야채넣고 볶았어요,
맛있어요 간편하게 한끼 합니다 ,
매우 애용하는 상품입니다 ,
노브랜드 순대곱창볶음은 처음인데 나쁘지 않네요,
맛있는데 양이 아쉬워요,
잘받았습니다  자주구매해요,
맛있게 먹을게요 ㅋㅋ,
늘구매하는상품입니다,
처음 시켜 먹어봤는데  전자레인지에 돌려서 바로 먹을 수 있어서 생각보다 조리 방법이 간단합니다  그런데 제가 매운 것을 잘 못 먹는 탓인지 저에게는 조금 매웠습니다 ,
조아요조아요    ,
그냥저냥그러네요그냥,
기대보다 맛있네요 제 구매 예정,
좀 질기지만 양념은 맛있어요,
순대볶음이 너무 먹고싶어서 평이 좋아서 주문해봤는데 정말 너무너무 맛있어요    렌즈에 돌릴때보니 야채가 없이 순대와 곱창만 들었길래 바로 양배추 양파 통마늘 깻잎넣고 볶아먹었는데 정말 맛있더라구요  냉동실에 저장해둬야겠어요     아참 살짝 매워 아이는 못먹었네요  ㅎ,
늘 편하게 잘 이용하고 있어요 ,
맛있게 잘 먹었습니다,
맛있어요 그런데 양이 적어요,
쓱배송으로 편하고 저렴하게,
가격 조금만 싸면 진짜 자주 먹을듯 합니다 ,
저는 이제 이것만 시켜먹음ㅋㅋㅋ,
와 대박   이거 초 강추예요 잡내 하나도 안나고 진짜 맛있어요 ㅠㅠ 매콤하고 혼자 먹기 딱입니다  담에도 또 살래요 진짜,
채소 더 넣고 만들어먹으면 맛있어요,
반찬 없을때 데워서 먹으면 한끼 딱,
막이ㅓㅅ요으 추천랒,
안전하게 잘 받았습니다,
리뷰에 다들 순대양이 너무 적다고 해서 순대를 따로 구입했었는데  그럴 필요가 없어요  순대가 많던데요     양도 술안주하기에 성인 명이 간단이 먹기에 딱이고  좀 맵긴하더라구요   명이 먹기에는 분명 많아요  괜찮네요 ,
순대볶음 좋아해서 한번 사봤어요,
간식이나 술안주로 먹기 좋아요  맛 괜찮아서 자주 구매해요,
손상없이 빠르게 잘왔습니다  ,
이건 양은적지만 맛있음,
이거 양배추 깻잎 넣어서 볶으믄 최고,
배송도 빠르고 좋습니다,
너무 매워서 그런지 낯선맛,
좋아요좋아요 맛잇어요,
무난했던것 같아요 곱창도 순대도 나쁘지 않고 근데 제 욕심에 당면을 추가했더니 소스가 이맛도 저맛도 아니게 되서 다음부턴 아무것도 안 추가하고 먹으려고요 ㅠ,
맥주랑 먹거나  밥으로 먹어도 좋아요 매번 재구매,
항상애용해요   간편하고 맛있어요,
맛있으면 좋겠네요,
항상 애용하는 제품입니다,
저렴한 가격에 괜찮은 것 같아요,
항상 이용하고 있습니다  애들도 좋아해요 ,
생각보다 맵긴하네요,
한번씩 순대곱창 땡길 때 간편하게 해먹어요 맛있어요,
아이들이 좋아해서 자주 구입합니다  맛있어요 ,
야식엔 순대곱창에 소주한잔 ,
깻잎이랑 떡국떡 넣어서 팬에 볶아 먹었는데 두 명이 반찬으로 먹기에 푸짐했어요  곱창이 좀 질기긴 했는데 순대 양도 적당하거 가성비가 좋아서 앞으로 가끔 주문할것 같아요 ,
양은   역시나 좀 실망스러웠지만   곱창이 큼직하게 들어가 있어서 쏘쏘  양념은 살짝 매콤한데 한명 먹기도 적은 양이라서 순대를 더 넣어서 같이 휘리릭 볶아 먹음 좋아요 ,
맛있게 잘 먹었습니다,
맛있게 잘 먹었어요 ,
아직 먹어보지 못했어요 워낙 순대를 좋아해서 한번 사봤어요,
맛이 좋고 간편해서 굿입니다,
밖에 안나가고 집에서 먹는곱창 편해요 ,
조아요맛잇어요추천합니다,
빠른배송 감사드립니다 ,
제품 만족 합니다  추천해요    ,
맛 별루입니다   ,
굿 다음에 또 시킬께요,
많이 맵지만 냉장고의 야채를 추가하니 먹을만 합니다 ,
노브랜드 상품중 최애함 걸작임 가성비도 좋음,
솔직히 두번은 안시킬듯  좀부실함 ,
정말 싸고 맛있어요 양이대박,
저는 생각보다 맛있었어요 ,
간편하고 맛있네요 ,
가끔 먹을만해요  양이 작아요,
좋아요  좋아요  좋아요,
잘 쓰고 있습니다 감사해요,
먹고파요   ㅋㅋ 막창,
넘 편하게 잘받았네요ㅎㅎ 앞으로도 자주 이용할것 같아요,
직화곱창이랑 같이 야채 듬뿍넣고  인이 맛나게 먹었어요 불맛도 좋고 순대가 적어서 조금 아쉽지만 맛이 느므느므 좋아요,
야식용으로 좋은것 같아요,
양도맛도생각보다는좋아요  간편식추천 ,
좋아요 ㅋㅋㅋ 좋아요,
그냥 괜찮았던 거 같아요 ,
감사합니다 수고하세요 만족합니다,
잘 받았습니다 잘 먹겠습니다 ㅋ,
아기가 잘묵어요 좋아요,
순대는 조금들어있고 돼지곱창만 많이 들었어요 양념맛은 짭짤하고 살짝 매운맛이에요,
순대는 몇개 안되고요 간이 세요 좀 짜게 느껴져서 양념에 밥비벼먹어야 해요 곱창 원래 거의 못먹어서 몇개 먹고 곱창은 버렸어요 ㅋㅋㅋ 그래도 간편하고 저렴한 가격에 순대볶음 먹는다고 생각하고 두번이나 구매했어요 ㅋㅋ,
좋아요좋아요 좋아요,
야채만 더넣으면 바로 그맛임,
간편식으로 만족합니다,
매콤하고 야식으로 좋아요,
가성비 좋은 술안주 입니다    ,
강추입니다  곱창도 많이 들어있어요  재구매의사 있습니다 ,
곱창이 질긴 게 간혹 있는데 그냥저냥 먹을만해요,
좋아요 자주구매합니다  ㅎㅎ,
와우 잡내없이 매곰하니 너무 맛있어요  이렇게 맛있는걸 이제 알았다니   집에서 술한잔 할때 넘 좋은것 같아요  쓱 배송때마다 장바구니에 겟겟겟,
저렴하게 잘 샀어요   ,
남편이 밤에 가끔 술안주로 혼자먹기 딱 좋답니다 ,
야채가 좀 많긴한데 맛있어요,
자극적인 안주맛  남푠이 가끔 먹어요,
맛있어요 아채 추가해서 먹으면 좋네요,
맛있어요 맛있어요   ,
매번 구매하는 상품입니다 ,
그닥 그렇습니다  먹을만해요 ,
늘 이용하는 상품입니더,
배송이 빠르고 좋아요,
좋아요 좋아요  좋아요   ,
맛은 보통이었어요 ,
좋은 가격에 잘 받았습니다 ,
늘 잘 먹고 있습니다  무료배송에 할인쿠폰을 먹이면 쓱배송이 가성비 가부서비스 갑인듯  ,
맛있어요 새벽 배송 좋아요,
맛있고 가성비좋아요,
맛있는데 양이 아쉽습니다  혼술 안주로 괜찮을거 같아요 ,
가격착한데 맛좋아요   간편안주ㅎㅎ,
잘 먹었습니다 감사합니다,
계속 구매하는 상품이예요,
명성보다 너무 별로인데요ㅠ,
간단하게 먹기편한 순대곱창,
순대겹창 생각날때 이거먹어요,
양은 작은데 맛이 좋아요,
집에서 편하게 장볼수 있어서 좋네요,
가격도 좋고 좋아요,
정말좋아요  재구매해야겠어요 ,
잘먹을께요 배송 빠르네요 ,
 인 분량이더라구요 렌지에  분 돌리니 너무 빵빵해져서 터지는 줄 알았어요  맛은 먹을만한 맛  사실 다른 재료 넣고 볶아먹을 생각이었는데 렌지 사용하니 더 뭔가를 하지 않게 되더라구요 ,
맛있습니다 추천합니다,
저렴한데 맛있어요 ,
전자렌지에 간단하게 먹어요,
기대했던 것보다 맛이 괜찮았어요,
좋아요 재구매예정 있어요ㅋㅋㅋ,
전자렌지에 휘리릭 엄청 편하네요  생각보다 맛있는데 식으니까  쪼금 느끼해지더라고여 전  ,
달받았습니다    ,
다른 부재료와 양념을 더 넣어야 맛이 나요 ,
새로운 거라 한번 주문해봄,
피자와 치킨도 쓱배송해주세요,
재구매했어요    ,
너무달고 매콤함  도 없어요 재구매 안해요,
순댜곱창볶음이 생각나서,
너무좋아요   배송도 항상 만족   ,
매콤하고 너무 맛있어요 두번째구매  근데 양이 좀 적어요,
처음 주문해봤어요  아직 먹기 전인데 맛있으면 좋겠네요,
매콤하니 맛있네요 재구매하려구요,
곱창마나네요   간편히먹기좋습니다   만족합니다,
빠른배송 매우만족입니다,
배송빠르고 저렴하게 잘샀습니다,
좀 맵지만 먹을만해요  근데 양도 너무 적고 아주 맛있다 싶은 맛은 아니어서 다시 구입할지는 미지수네요,
맛있어서 또 사먹어 보아요 ,
자극적이긴 하지만 나쁘지 않았어요,
깻잎넣고 볶아먹으니 순대볶음맛 제대로에요,
좋아요만족합니다 추천이요,
매운데 맛있어요 다른야채 추가해서 먹엇네요,
이마트몰  노브랜드  순대곱창볶음   g 사실 기대안하고 구매했는데요  맛있었음 순대가 좀 딱딱한것 빼곤,
항상 잘 먹고 있습니다  품절이 오래가던데   제발 재고좀    ,
먹을만 합니다  좋아요,
비리지도 않고 맛있어요,
집에서 간편하게 배송받았습니다 ,
저는단거 잘안먹어서그런지 좀단맛나서 그냥그랬어요 생각보다양이작음,
조금 맵지만 순대곱창이 먹고 싶을때 한번 먹기에 좋아요   ,
이거 잔짜 맛있어요 술안주  ,
잘 먹었는데 품절이라 아쉽네요,
추천합니다 추천합니다,
싸게 잘샀습니다 많이파세요,
밥이랑 먹어도 괜찮을듯해요 ,
가격 대비 양도 많은 것 같네요,
그냥 그래요  양이 적어요,
자주 주문하는 상품이에요,
맛있어용 애정하는 야식입니당 ㅎ 최고,
양이적으나 맛은좋네요,
전엔 맛있게 먹었는데 이번엔 그닥이었네요,
친구 추천으로 구매해봤어요  매워요 ㅎ,
가격 좋구요  맛도 좋아요  그런데 곱창냄새가 좀 나서 별 하나는 뺐어요 ,
good     굿  ,
이거 징짜 맛있어요 자주 먹어요 맛있어요 굿,
이거 징짜 맛있어요 집에있는 당면만 추가해서 자주 먹어요 맛있어요 굿,
항상 구매하는 상품입니다 ,
별루에요,
잘받았어요 좋아요 감사합니다잘받았어요 좋아요 감사합니다잘받았어요 좋아요 감사합니다잘받았어요 좋아요 감사합니다잘받았어요 좋아요 감사합니다잘받았어요 좋아요 감사합니다잘받았어요 좋아요 감사합니다잘받았어요 좋아요 감사합니다잘받았어요 좋아요 감사합니다잘받았어요 좋아요 감사합니다잘받았어요 좋아요 감사합니다잘받았어요 좋아요 감사합니다잘받았어요 좋아요 감사합니다잘받았어요 좋아요 감사합니다잘받았어요 좋아요 감사합니다,
간단히 술한잔할때 좋아요,
맛있어요  또 주문할래요,
약간 아쉬운 맛이네요,
맛있어요 맛있게 먹을게요,
자주 구입해서 먹고 있습니다 ,
그럭저럭먹을만했어요,
 인분양이고  저한테는 쫌 맵네요,
리뷰보고 구매했는데 그냥 쏘쏘한   생각보다 곱창냄새도 안나고 나쁘진않았는데 뭔가 부실한 느낌이 있어서  ,
전자렌지에만 돌려도 맛있긴한데    순대가 덜 말랑한 느낌 ,
저렴하게 잘구매했어요,
깻잎에 싸먹으면 맛있어요,
만족해요   좋아요 혼술용으로 좋았어용,
양이 생각보다 적어요 ㅎㅎ,
좀 맵고 순대가 질기긴 하지만 잘 먹었어요,
노브랜드  순대곱창볶음   g 야채추가해서먹으면 맛있어요,
아주 맛있다는 아니고 보통의 맛이었어요,
생각보다는 별로였어요 재구매는 안 할 듯해요,
남편 술안주로 샀는데 잘 쳐먹네요,
맛나고 좋습니다 ㅋㅋㅋ,
아주 맛나고 좋아용 ㅋㅋ,
기대되요ㅋㅋㅋㅋㅋㅋㅋㅋ,
생각보다 양이 적어요,
맛있게 잘 먹었어요 매콤해여,
너무너무 맛있어요  저는 자주 주문해서 먹어요  퀄리티 아주 좋습니다  양도 적당해요     ,
곱창ㅇㅣ 좀 질겨요 ㅠ,
무난한데 좀 매워요,
사진처럼 맞있기를 기대하며    ㅎ,
맛있어요 좀 매워요,
순대곱창 아주 맛있게 먹고 있습니다,
유튜브에서 하두 칭찬을 해서 사서 먹어봤어요    양은 적지만 맵기도 적당하니 맛있네요   냄새로 안나고   ,
그냥저냥 먹을만 했어요,
가성비가 좋습니다  ,
항상 애용하는 제품입니다,
늘 구입하는 제품입니다 ,
야채섞어서볶으  더 맛나요,
이거 진짜 별로   맵기만하고 양은 적고 맛은 없고,
렌지에 돌렸는데 제입에는 별로에요,
자주 구매하는 상품입니다,
생각보다 맛잇어서 가끔 사먹을만합니다,
처음 사먹었는데 맛있어요,
완전 사랑해요  원래는 곱창 더 좋아하는데 곱창 너무 비싸요    양도 은근 많아요  양념도 넉넉해서 저는 갠적으로 납작당면 조금 풀어서 같이 섞어서 먹는데 완전 꾸르맛   ,
생각보다 맛있었습니다,
좋아우 좋아요 좋아유,
좋은 상품 입니다 ,
좋아요  배송 감사합니다 ,
생각 했던것 보다 훨씬 매워요  매운음식 잘못먹는 사람도 많으니 맛의 단계가 있으면 좋겠다는 의견입니다 ,
좋아요 ㅋㅋㅋ 좋아요,
맛있어요 근데순대가 데우면 좀딱딱,
맛있어요 재구매합니다,
양념도 풍부하고 맛있었어요 ,
술안주 밥반찬 둘다 괜찮아요,
일인분 렌지에 돌렸다가 한김 빼고 먹으면 냄새 없어요 순대곱창 혼자 먹으러 가기 어려운분들 깻잎쌈과 먹으면 굿이예요,
상품도 굿  배송도 굿,
전 별로네요 ㅠㅠㅠ,
좋아요,
먹을만해요       ,
작성해주신 상품평은 등록 즉시 사이트에 게재되며  등록 후 수정  삭제가 가능합니다  상품과 무관한 내용이거나 동일 문자의 잘 받았습니다  양배추 좀더 넣고 볶아먹으면 좋아요,
양도 그냥저냥 괜찮네요,
후기 좋아서 샀어요 ,
한번씩 먹기 좋아요 ,
기대를 많아했는데 그냥 적당해요  조금 매워요,
호불호가 갈리는 맛인 것 같아요  ,
피코크꺼 보다는 양이 좀 더 많네여,
가성비가 넘 좋아요  ,
양은 실제로 좀 적지만 맛은 괜춘 ㅋㅋ,
야채 추가해서 먹으니 너무 맛있어요,
자주애용합니다 굳굳,
빠르고 친절한배송 아주 좋아요,
그럭저럭 해먹을만 해요,
연속 재구매해서 바로바로 해먹었어요  역시나 베리굿  야채 곁들여서 쌈무와 쌈싸먹으면  순대곱창골목집 생각 안나요 ㅎ,
간편하게 전자렌지 돌려서 먹었어요,
별로였어요 먼가 플라스틱같은게 씹혀요 그래서 별로 믿음이 안가요,
리뷰처럼 매콤한 편  곱창도 냄새 하나도 안나고 쫄깃 맛있음,
정말 맛 없어요 넘 자극적이고 짜기만 함,
그래바로이맛이야 양파와깻잎추가하면신림동추억이살아난다,
맛있어요  보통 길거리에서 파는거 사다먹는데   곱창이 더 많아서 괜찮다네요 ,
                   ,
쟁여둔 아이템 맛있어요 변치 않고 영원하길  ,
쟁여둔 아이템 맛있고 싸요,
야식 땡길 때 간식 땡길 때 좋아요  ,
간편하게 먹기 좋고 맛있네요,
그냥저냥 괜찮아요 순대는 탱글거리긴 하네요,
늘 애용하는 제품 입니다,
맛있어요 간편해서 좋아요,
양도 적고 맛도 그냥그래요 ,
싸게 잘샀어요  감사합니다,
순대와 곱창을 같이 먹을 수 있는 노브랜드 순대곱창볶음이고 혼자 먹기 딱 좋은 양입니다 ,
평이 괜찮아서 처음 사봤어요 맛있길   ,
신랑야식으로 준비해봤어요,
맛 괜찮습니다  배송 상태도 좋습니다 ,
약간 냄새가 나지만 아주 나쁘진 않았어요 두번은 노노,
전자렌지에 간단하게 돌려먹으려고,
이건 첨으로 시켜먹은건데 먹어보고 말씀드릴께요,
상품평만 보고 구매했는데 구매하길 잘안것 같아요 너무 맛있게 잘먹었어요 다음에 또 구매할꺼연요,
야식 안주로 딱   열일하는 노브랜드  b,
저렴하고 맛있어요  재구매 하고 싶네요 ,
너무 맛있어서 재구매합니다  후라이팬에 양파 대파 깻잎 부추 마늘 다 넣고 이 제품 넣어서 조리했더니  밖에서 사먹는 것과 똑같네여  상추까지 싸먹으니 베리굿,
약간 맵지만 맛있어요,
좋아요 만족합니다,
좋습니다   ,
좀 매워요  간단하게 데워먹을 수 있어서 좋아요 ,
매콤하고 맛 좋습니다,
예전에 중국 마라소스 사서 볶음면 해먹고 다음날 몸살날정도였는데 매운거 엄청 못 먹는 내가 이거 먹고 한시간뒤 배아파서 설사 했자너 ,
맵기만 맵고 순대 냄새나고 별로임,
진짜 맛있어요 깻잎이랑 청양고추 필수,
좋아요       ,
그냥 그랬어요 어묵이랑 소세지에 비하면 소소 한정도 맛이 별루 였어요 그래도 가격대비 괜찮아요,
노브랜드  순대곱창볶음   g깻잎추가해서 먹으면 더 맛있어요,
저렴한 가격에 좋은 상품 샀어요 ,
나ㅏ나나나아ㅏㅇ라ㅏ라라아,
맛나요 맛나 가성바 최고,
저렴하게 잘 구입했어요 감사해요,
은근히 매콤하네요  술안주로 좋구 용기째 바로 데워 먹을수 있어 좋아요,
밥하기 싫을때  봉지씩,
정말 좋은 제품이네요 ,
간편해서좋으네여옹ㄴ,
가볍게 먹기 너무 좋아요 순대랑 곱창 둘다좋아해서 당면만 좀 넣으면 야식 끝판왕,
의외로 맛있었어요 ,
물건 잘받았습니다 ,
좋아요좋아요 좋아요,
간편하게 먹을 수 있으니까 좋아요,
야채좀만 더 넣고 볶아먹으면 술안주로 진짜 굿,
노브랜드 제품중 좋아하는 것이에요 맛있어요,
친절한배송 감사합니다 ,
요것도 맛있음 ㅠㅠ 가성비 최고 ㅠㅠ,
간변하게 렌지에 돌림 끝,
오 맛나요 거성비갑,
가격대비 무난한듯요,
배우자님이 별로라고 하네요  ,
저렴해도 좋은품질이에요,
한번 먹기 딱좋은 것 같아요,
맛잇어요 싸게 구매했습니다   ,
양이 좀 적긴하지만 맛은 있어요,
아직 먹어보진 않앗는데 후기 보구 구매했어요ㅋ,
저렴하게 잘 샀어요 ,
맛있어서 자주구매해요,
또 구매했네요     이번에도 또 살 예정     ,
처음시켜봤습니다  청양고추하나넣고 볶아 먹었는데 맛있습니다 ,
다신안사먹을듯요 맵고 맛도없고,
처음사봐요  아직먹기전이에요 ㅎ,
매운데 한번먹기 조아요,
자주 애용하는 상품입니다  배송도 빠르고 너무 좋습니다 ,
조리시간대로하면 순대가 덜데워짐,
난별로 재구매 안해요 ,
술안주로 괜찮아요 ,
좋아요         ,
좋아요 재구매 의사 있어요,
맛있어요 간편하니 좋아요,
아직먹어보진않아    ,
정말 감동입니다 정말 감사합니다,
저렴하고 괜찮은것 같아요 ,
저렴하게 잘 샀어요 ,
항상 구매하는 상품이예요,
그냥저냥 간편하게 먹기좋아요,
캠핑용으로 샀는데 맛있게 잘먹었습니다  ,
너무 좋습니다 만족해요,
좀 맵습니다  잡내 하나도 안나고 기대 안했는데 기대 이상이예요 ,
배송이 빨라서 좋았어요,
전자렌지 돌릴땐 맛없어 보였는데 생각보다 양도 많고 맛있었어요,
요거와 훈제막창이랑 같이해서 채소 더 넣고 먹으니  오,
신라면정도의 매콤함 곱창이 깔끔하니 제일 맛있네요,
야식으로 좋네요 굿굿,
좋아요    좋습니닷     ,
양이적지만 야채들과 볶아먹으면 좋을것같아요,
맛있고 해산물 같이 넣고 볶아도 좋네요,
그냥 사서 먹었는데 넘 맛있어서 또 구매하려구요    매콤해서 쐬주 안주로 딱이네용    ,
좋아요 ㅋㅋㅋㅋㅋㅋ,
항상 구비하는 품목입니다,
양이 조금 아쉬웠어요,
가격대비 넘 알차고 맛있어요,
아직 안먹어봤는데 기대중이에요,
저렴하고 맛있어요   간편하게 먹기 편했어요 ,
존맛입니다 개강추입니당,
깻잎 추가해 먹으면 참 맛있네요  신림동 순대촌보다 더 맛있는 맛,
요즘 이맛에 빠져 일주일에    번은 먹네요  순대도 쫄깃하고 곱창도 잡내 안나요  양념이 적당히 자극적이라 딱 제 입맛이에요  쟁여두는 상품,
이거에 채소만 좀 더 넣고 볶으면 진짜 JMT,
즐겨찾는 상품입니다  ,
좋아요좋아요좋아요좋아요좋아요,
이마트 배송 좋아요 ,
쪼금 맵긴 한데 힘들 정도는 아니고  밥 한 끼 반찬으로 양도 괜찮아요,
맛있어요 또사먹을꺼예요     ,
맛있네요        ,
야채넣고 후라이팬에 볶아면으면 더 맛있어요bb,
항상 시켜먹어요 맛있어요,
가성비 크고좋아요 맛도굿,
양도 맛도 혼자먹기에 좋아요,
맛있어요 싸다고 별로이거나 그렇지 않아요,
먹어볼게요 ㅋㅋㅋㅋㅋ,
많이 달지않고 엄청매운데 내용물도 그렇고 술안주로 가격대비 괜찮았어요  또 구매할듯,
맛있네요  굿굿  ,
좋아요   좋아요   ,
빠른 배송 감사합니다   ,
저렴하게 구매해 좋네요,
